ClipID,y_true,y_pred,final_score,pipeline_score,behavior_score,status
5000441001,1,1,1.0,1.0,1.0,success
5000441002,1,1,1.0,1.0,1.0,success
5000441003,1,1,1.0,1.0,1.0,success
5000441005,1,1,1.0,1.0,1.0,success
5000441006,1,1,1.0,1.0,1.0,success
5000441007,1,1,1.0,1.0,1.0,success
5000441008,1,1,1.0,1.0,1.0,success
5000441009,1,1,1.0,1.0,1.0,success
5000441010,1,1,1.0,1.0,1.0,success
5000441012,1,1,1.0,1.0,1.0,success
5000441013,1,1,1.0,1.0,1.0,success
5000441014,1,1,1.0,1.0,1.0,success
5000441015,1,1,1.0,1.0,1.0,success
5000441016,1,1,1.0,1.0,1.0,success
5000441017,1,1,1.0,1.0,1.0,success
5000441018,1,1,1.0,1.0,1.0,success
5000441021,1,1,1.0,1.0,1.0,success
5000441022,1,1,1.0,1.0,1.0,success
5000441023,1,1,1.0,1.0,1.0,success
5000441024,0,1,1.0,1.0,1.0,success
5000441027,1,1,1.0,1.0,1.0,success
5000441030,1,1,1.0,1.0,1.0,success
5000441031,1,1,1.0,1.0,1.0,success
5000441032,1,1,1.0,1.0,1.0,success
5000441033,1,1,1.0,1.0,1.0,success
5000441034,1,1,1.0,1.0,1.0,success
5000441035,1,1,1.0,1.0,1.0,success
5000441037,1,1,1.0,1.0,1.0,success
5000441038,1,1,1.0,1.0,1.0,success
5000441039,1,1,1.0,1.0,1.0,success
5000441040,1,1,1.0,1.0,1.0,success
5000441041,1,1,1.0,1.0,1.0,success
5000441042,1,1,1.0,1.0,1.0,success
5000441043,1,1,1.0,1.0,1.0,success
5000441044,1,1,1.0,1.0,1.0,success
5000441045,1,1,1.0,1.0,1.0,success
5000441046,1,1,1.0,1.0,1.0,success
5000441047,1,1,1.0,1.0,1.0,success
5000441048,1,1,1.0,1.0,1.0,success
5000441050,1,1,1.0,1.0,1.0,success
5000441051,1,1,1.0,1.0,1.0,success
5000441052,1,1,1.0,1.0,1.0,success
5000441053,1,1,1.0,1.0,1.0,success
5000441054,1,1,1.0,1.0,1.0,success
5000441055,1,1,1.0,1.0,1.0,success
5000441058,0,1,1.0,1.0,1.0,success
5000441059,1,1,1.0,1.0,1.0,success
5000441061,1,1,1.0,1.0,1.0,success
5000441062,1,1,1.0,1.0,1.0,success
5000441064,1,1,1.0,1.0,1.0,success
5000441065,1,1,1.0,1.0,1.0,success
5000441066,1,1,1.0,1.0,1.0,success
5000441067,0,1,1.0,1.0,1.0,success
5000441068,1,1,1.0,1.0,1.0,success
5000441069,1,1,1.0,1.0,1.0,success
5000441070,1,1,1.0,1.0,1.0,success
5000441071,1,1,1.0,1.0,1.0,success
5000441072,1,1,1.0,1.0,1.0,success
5000442001,1,1,1.0,1.0,1.0,success
5000442002,1,1,1.0,1.0,1.0,success
5000442003,1,1,1.0,1.0,1.0,success
5000442004,1,1,0.9466666666666667,0.8666666666666667,1.0,success
5000442005,1,1,1.0,1.0,1.0,success
5000442007,1,1,1.0,1.0,1.0,success
5000442008,1,1,1.0,1.0,1.0,success
5000442009,1,1,1.0,1.0,1.0,success
5000442010,1,1,1.0,1.0,1.0,success
5000442014,1,1,1.0,1.0,1.0,success
5000442015,1,1,1.0,1.0,1.0,success
5000442016,1,1,1.0,1.0,1.0,success
5000442019,1,1,1.0,1.0,1.0,success
5000442021,1,1,1.0,1.0,1.0,success
5000442022,1,1,1.0,1.0,1.0,success
5000442024,1,1,1.0,1.0,1.0,success
5000442025,1,1,1.0,1.0,1.0,success
5000442026,1,1,1.0,1.0,1.0,success
5000442027,1,1,1.0,1.0,1.0,success
5000442028,1,1,1.0,1.0,1.0,success
5000442029,1,1,1.0,1.0,1.0,success
5000442033,1,1,1.0,1.0,1.0,success
5000442034,1,1,1.0,1.0,1.0,success
5000442035,1,1,1.0,1.0,1.0,success
5000442036,1,1,1.0,1.0,1.0,success
5000442037,1,1,1.0,1.0,1.0,success
5000442038,1,1,1.0,1.0,1.0,success
5000442039,1,1,1.0,1.0,1.0,success
5000442040,1,1,1.0,1.0,1.0,success
5000442042,1,1,1.0,1.0,1.0,success
5000442043,1,1,1.0,1.0,1.0,success
5000442045,1,1,1.0,1.0,1.0,success
5000442047,1,1,1.0,1.0,1.0,success
5000442048,1,1,1.0,1.0,1.0,success
5000442050,1,1,1.0,1.0,1.0,success
5000442051,1,1,1.0,1.0,1.0,success
5000442052,1,1,1.0,1.0,1.0,success
5000442053,1,1,1.0,1.0,1.0,success
5000442054,1,1,1.0,1.0,1.0,success
5000442055,1,1,1.0,1.0,1.0,success
5000442056,1,1,1.0,1.0,1.0,success
5000442057,1,1,1.0,1.0,1.0,success
5000442058,1,1,1.0,1.0,1.0,success
5000442059,1,1,1.0,1.0,1.0,success
5000442060,1,1,1.0,1.0,1.0,success
5000442062,1,1,1.0,1.0,1.0,success
5000442063,1,1,1.0,1.0,1.0,success
5000442064,1,1,1.0,1.0,1.0,success
5000442065,1,1,1.0,1.0,1.0,success
5000442066,1,1,1.0,1.0,1.0,success
5000442067,1,1,1.0,1.0,1.0,success
5000442068,1,1,1.0,1.0,1.0,success
5000442069,1,1,1.0,1.0,1.0,success
5000442070,1,1,1.0,1.0,1.0,success
5000442072,1,1,1.0,1.0,1.0,success
5000442073,1,1,1.0,1.0,1.0,success
5000442074,1,1,1.0,1.0,1.0,success
5000442075,1,1,1.0,1.0,1.0,success
5000442076,1,1,1.0,1.0,1.0,success
5000442077,1,1,1.0,1.0,1.0,success
5000442078,1,1,1.0,1.0,1.0,success
5000671001,1,1,1.0,1.0,1.0,success
5000671002,1,1,1.0,1.0,1.0,success
5000671003,1,1,1.0,1.0,1.0,success
5000671004,1,1,1.0,1.0,1.0,success
5000671005,1,1,1.0,1.0,1.0,success
5000671006,1,1,1.0,1.0,1.0,success
5000671008,1,1,1.0,1.0,1.0,success
5000671009,1,1,1.0,1.0,1.0,success
5000671010,1,1,1.0,1.0,1.0,success
5000671011,1,1,1.0,1.0,1.0,success
5000671012,1,1,1.0,1.0,1.0,success
5000671013,1,1,1.0,1.0,1.0,success
5000671014,1,1,1.0,1.0,1.0,success
5000671015,1,1,1.0,1.0,1.0,success
5000671016,1,1,1.0,1.0,1.0,success
5000671017,1,1,1.0,1.0,1.0,success
5000671018,1,1,1.0,1.0,1.0,success
5000671019,1,1,1.0,1.0,1.0,success
5000671020,1,1,1.0,1.0,1.0,success
5000671022,1,1,1.0,1.0,1.0,success
5000671023,1,1,1.0,1.0,1.0,success
5000671024,1,1,1.0,1.0,1.0,success
5000671026,1,1,1.0,1.0,1.0,success
5000671027,1,1,1.0,1.0,1.0,success
5000671028,1,1,1.0,1.0,1.0,success
5000671029,1,1,1.0,1.0,1.0,success
5000671030,1,1,1.0,1.0,1.0,success
5000671031,1,1,0.9946666666666667,0.9866666666666667,1.0,success
5000671032,1,1,1.0,1.0,1.0,success
5000671033,1,1,1.0,1.0,1.0,success
5000671034,1,1,1.0,1.0,1.0,success
5000671035,1,1,1.0,1.0,1.0,success
5000671036,1,1,1.0,1.0,1.0,success
5000671037,1,1,1.0,1.0,1.0,success
5000671038,1,1,1.0,1.0,1.0,success
5000671039,1,1,1.0,1.0,1.0,success
5000671040,1,1,0.9946666666666667,0.9866666666666667,1.0,success
5000671041,0,1,1.0,1.0,1.0,success
5000671042,0,1,1.0,1.0,1.0,success
5000671043,1,1,1.0,1.0,1.0,success
5000671046,1,1,1.0,1.0,1.0,success
5000671047,1,1,1.0,1.0,1.0,success
5000671048,0,1,1.0,1.0,1.0,success
5000671049,0,1,1.0,1.0,1.0,success
5000671050,1,1,1.0,1.0,1.0,success
5000671051,1,1,1.0,1.0,1.0,success
5000671053,1,1,1.0,1.0,1.0,success
5000671055,1,1,1.0,1.0,1.0,success
5000671056,1,1,0.9893333333333334,0.9733333333333334,1.0,success
5000671057,1,1,0.9946666666666667,0.9866666666666667,1.0,success
5000671058,0,1,0.9893333333333334,0.9733333333333334,1.0,success
5000671059,1,1,0.9093333333333333,0.7733333333333333,1.0,success
5000671060,1,1,1.0,1.0,1.0,success
5000671061,0,1,1.0,1.0,1.0,success
5000671062,1,1,1.0,1.0,1.0,success
5000671063,1,1,1.0,1.0,1.0,success
5000671064,1,1,1.0,1.0,1.0,success
5000671065,1,1,1.0,1.0,1.0,success
5000671066,1,1,1.0,1.0,1.0,success
5000671067,1,1,1.0,1.0,1.0,success
5000671069,0,1,1.0,1.0,1.0,success
5000671070,0,1,1.0,1.0,1.0,success
5000671071,1,1,1.0,1.0,1.0,success
5000672002,1,1,1.0,1.0,1.0,success
5000672004,1,1,1.0,1.0,1.0,success
5000672005,1,1,1.0,1.0,1.0,success
5000672006,1,1,1.0,1.0,1.0,success
5000672007,1,1,1.0,1.0,1.0,success
5000672008,1,1,1.0,1.0,1.0,success
5000672010,1,1,1.0,1.0,1.0,success
5000672011,1,1,1.0,1.0,1.0,success
5000672012,1,1,1.0,1.0,1.0,success
5000672013,1,1,1.0,1.0,1.0,success
5000672014,1,1,1.0,1.0,1.0,success
5000672016,1,1,1.0,1.0,1.0,success
5000672017,1,1,1.0,1.0,1.0,success
5000672019,1,1,1.0,1.0,1.0,success
5000672020,1,1,1.0,1.0,1.0,success
5000672021,1,1,1.0,1.0,1.0,success
5000672022,1,1,1.0,1.0,1.0,success
5000672023,1,1,1.0,1.0,1.0,success
5000672024,1,1,1.0,1.0,1.0,success
5000672025,1,1,1.0,1.0,1.0,success
5000672026,1,1,1.0,1.0,1.0,success
5000672027,1,1,0.9093333333333333,0.7733333333333333,1.0,success
5000672030,1,1,1.0,1.0,1.0,success
5000672031,1,1,1.0,1.0,1.0,success
5000672033,1,1,1.0,1.0,1.0,success
5000672034,1,1,1.0,1.0,1.0,success
5000672035,1,1,1.0,1.0,1.0,success
5000672036,1,1,1.0,1.0,1.0,success
5000672038,1,1,1.0,1.0,1.0,success
5000672042,1,1,1.0,1.0,1.0,success
5000672043,1,1,1.0,1.0,1.0,success
5000672044,1,1,1.0,1.0,1.0,success
5000672045,1,1,1.0,1.0,1.0,success
5000672046,1,1,1.0,1.0,1.0,success
5000672047,1,1,1.0,1.0,1.0,success
5000672048,1,1,1.0,1.0,1.0,success
5000672049,1,1,1.0,1.0,1.0,success
5000672050,1,1,1.0,1.0,1.0,success
5000672051,1,1,1.0,1.0,1.0,success
5000672052,1,1,1.0,1.0,1.0,success
5000672053,1,1,1.0,1.0,1.0,success
5000672054,1,1,1.0,1.0,1.0,success
5000672055,1,1,1.0,1.0,1.0,success
5000672056,1,1,1.0,1.0,1.0,success
5000672057,1,1,1.0,1.0,1.0,success
5000672058,1,1,1.0,1.0,1.0,success
5000672059,1,1,1.0,1.0,1.0,success
5000672060,1,1,1.0,1.0,1.0,success
5000672062,1,1,1.0,1.0,1.0,success
5000672064,1,1,1.0,1.0,1.0,success
5000672065,1,1,1.0,1.0,1.0,success
5000672066,1,1,1.0,1.0,1.0,success
5000672067,1,1,1.0,1.0,1.0,success
5000672068,1,1,1.0,1.0,1.0,success
5000672070,1,1,1.0,1.0,1.0,success
5000672071,1,1,1.0,1.0,1.0,success
5000672072,1,1,0.984,0.96,1.0,success
5000672074,1,1,1.0,1.0,1.0,success
5000672075,1,1,1.0,1.0,1.0,success
5000672076,1,1,1.0,1.0,1.0,success
5000672077,1,1,1.0,1.0,1.0,success
5000672081,1,1,1.0,1.0,1.0,success
5000672082,1,1,1.0,1.0,1.0,success
5000951001,1,1,1.0,1.0,1.0,success
5000951002,1,1,1.0,1.0,1.0,success
5000951003,1,1,1.0,1.0,1.0,success
5000951004,1,1,1.0,1.0,1.0,success
5000951005,1,1,1.0,1.0,1.0,success
5000951006,1,1,1.0,1.0,1.0,success
5000951007,1,1,1.0,1.0,1.0,success
5000951008,1,1,1.0,1.0,1.0,success
5000951009,1,1,1.0,1.0,1.0,success
5000951010,1,1,1.0,1.0,1.0,success
5000951011,1,1,1.0,1.0,1.0,success
5000951012,1,1,1.0,1.0,1.0,success
5000951013,1,1,1.0,1.0,1.0,success
5000951015,1,1,1.0,1.0,1.0,success
5000951016,1,1,1.0,1.0,1.0,success
5000951017,1,1,1.0,1.0,1.0,success
5000951018,1,1,1.0,1.0,1.0,success
5000951019,0,1,1.0,1.0,1.0,success
5000951021,1,1,1.0,1.0,1.0,success
5000951023,0,1,1.0,1.0,1.0,success
5000951024,0,1,1.0,1.0,1.0,success
5000951025,1,1,1.0,1.0,1.0,success
5000951027,0,1,1.0,1.0,1.0,success
5000951028,1,1,1.0,1.0,1.0,success
5000951033,1,1,1.0,1.0,1.0,success
5000951034,1,1,1.0,1.0,1.0,success
5000951035,1,1,1.0,1.0,1.0,success
5000951037,1,1,1.0,1.0,1.0,success
5000951039,1,1,1.0,1.0,1.0,success
5000951040,1,1,1.0,1.0,1.0,success
5000951042,1,1,1.0,1.0,1.0,success
5000951043,1,1,1.0,1.0,1.0,success
5000951044,1,1,1.0,1.0,1.0,success
5000951045,1,1,1.0,1.0,1.0,success
5000951047,1,1,1.0,1.0,1.0,success
5000951049,1,1,1.0,1.0,1.0,success
5000951051,1,1,1.0,1.0,1.0,success
5000951052,1,1,1.0,1.0,1.0,success
5000951053,1,1,1.0,1.0,1.0,success
5000951054,1,1,1.0,1.0,1.0,success
5000951055,1,1,1.0,1.0,1.0,success
5000951056,1,1,1.0,1.0,1.0,success
5000951057,1,1,1.0,1.0,1.0,success
5000951058,1,1,1.0,1.0,1.0,success
5000951060,1,1,1.0,1.0,1.0,success
5000951061,1,1,1.0,1.0,1.0,success
5000951062,1,1,1.0,1.0,1.0,success
5000951063,1,1,1.0,1.0,1.0,success
5000951065,1,1,1.0,1.0,1.0,success
5000951066,1,1,1.0,1.0,1.0,success
5000951067,1,1,1.0,1.0,1.0,success
5000952002,1,1,1.0,1.0,1.0,success
5000952003,1,1,1.0,1.0,1.0,success
5000952004,1,1,1.0,1.0,1.0,success
5000952005,1,1,1.0,1.0,1.0,success
5000952007,1,1,1.0,1.0,1.0,success
5000952008,1,1,1.0,1.0,1.0,success
5000952011,1,1,1.0,1.0,1.0,success
5000952013,1,1,1.0,1.0,1.0,success
5000952014,1,1,1.0,1.0,1.0,success
5000952015,1,1,1.0,1.0,1.0,success
5000952016,1,1,1.0,1.0,1.0,success
5000952017,1,1,1.0,1.0,1.0,success
5000952018,1,1,1.0,1.0,1.0,success
5000952020,1,1,1.0,1.0,1.0,success
5000952021,1,1,1.0,1.0,1.0,success
5000952022,1,1,1.0,1.0,1.0,success
5000952023,1,1,1.0,1.0,1.0,success
5000952024,1,1,1.0,1.0,1.0,success
5000952025,1,1,1.0,1.0,1.0,success
5000952026,1,1,1.0,1.0,1.0,success
5000952027,1,1,1.0,1.0,1.0,success
5000952028,1,1,1.0,1.0,1.0,success
5000952029,1,1,1.0,1.0,1.0,success
5000952031,1,1,1.0,1.0,1.0,success
5000952032,1,1,1.0,1.0,1.0,success
5000952033,1,1,1.0,1.0,1.0,success
5000952034,0,1,1.0,1.0,1.0,success
5000952035,1,1,1.0,1.0,1.0,success
5000952036,1,1,1.0,1.0,1.0,success
5000952038,1,1,1.0,1.0,1.0,success
5000952040,1,1,1.0,1.0,1.0,success
5000952041,1,1,1.0,1.0,1.0,success
5000952042,1,1,1.0,1.0,1.0,success
5000952044,1,1,1.0,1.0,1.0,success
5000952045,1,1,1.0,1.0,1.0,success
5000952046,1,1,1.0,1.0,1.0,success
5000952048,1,1,1.0,1.0,1.0,success
5000952050,1,1,1.0,1.0,1.0,success
5000952052,1,1,1.0,1.0,1.0,success
5000952053,1,1,1.0,1.0,1.0,success
5000952054,1,1,1.0,1.0,1.0,success
5000952055,1,1,1.0,1.0,1.0,success
5000952060,1,1,1.0,1.0,1.0,success
5000952061,1,1,1.0,1.0,1.0,success
5000952062,0,1,1.0,1.0,1.0,success
5000952063,1,1,1.0,1.0,1.0,success
5000952064,1,1,1.0,1.0,1.0,success
5000952065,1,1,1.0,1.0,1.0,success
5000952066,1,1,1.0,1.0,1.0,success
5000952068,1,1,1.0,1.0,1.0,success
5000952069,1,1,1.0,1.0,1.0,success
5000952070,1,1,1.0,1.0,1.0,success
5000952071,1,1,1.0,1.0,1.0,success
5000952072,1,1,1.0,1.0,1.0,success
5000952073,1,1,1.0,1.0,1.0,success
5000952075,1,1,1.0,1.0,1.0,success
5000952076,1,1,1.0,1.0,1.0,success
5000952077,1,1,1.0,1.0,1.0,success
5000952078,1,1,1.0,1.0,1.0,success
5000952080,1,1,1.0,1.0,1.0,success
5000952083,0,1,1.0,1.0,1.0,success
5100091001,1,1,0.9893333333333334,0.9733333333333334,1.0,success
5100091003,1,1,0.9893333333333334,0.9733333333333334,1.0,success
5100091004,1,1,0.9786666666666667,0.9466666666666667,1.0,success
5100091005,1,1,1.0,1.0,1.0,success
5100091006,1,1,1.0,1.0,1.0,success
5100091007,1,1,0.968,0.92,1.0,success
5100091008,1,1,0.968,0.92,1.0,success
5100091009,1,1,0.9359999999999999,0.84,1.0,success
5100091010,1,1,0.968,0.92,1.0,success
5100091012,1,1,0.9306666666666666,0.8266666666666667,1.0,success
5100091017,1,1,1.0,1.0,1.0,success
5100091019,1,1,1.0,1.0,1.0,success
5100091020,1,1,1.0,1.0,1.0,success
5100091025,1,1,1.0,1.0,1.0,success
5100091026,1,1,1.0,1.0,1.0,success
5100091027,1,1,1.0,1.0,1.0,success
5100091028,1,1,1.0,1.0,1.0,success
5100091032,1,1,1.0,1.0,1.0,success
5100091033,1,1,1.0,1.0,1.0,success
5100091034,1,1,0.9733333333333334,0.9333333333333333,1.0,success
5100091035,1,1,1.0,1.0,1.0,success
5100091036,1,1,1.0,1.0,1.0,success
5100091038,1,1,0.9786666666666667,0.9466666666666667,1.0,success
5100091039,1,1,1.0,1.0,1.0,success
5100091042,1,1,1.0,1.0,1.0,success
5100091046,1,1,1.0,1.0,1.0,success
5100091049,0,1,1.0,1.0,1.0,success
5100091050,1,1,1.0,1.0,1.0,success
5100091051,1,1,0.9946666666666667,0.9866666666666667,1.0,success
5100091053,1,1,1.0,1.0,1.0,success
5100091055,1,1,1.0,1.0,1.0,success
5100091056,1,1,1.0,1.0,1.0,success
5100091057,1,1,1.0,1.0,1.0,success
5100091058,1,1,1.0,1.0,1.0,success
5100091059,1,1,0.9946666666666667,0.9866666666666667,1.0,success
5100091062,1,1,1.0,1.0,1.0,success
5100091064,1,1,1.0,1.0,1.0,success
5100091065,1,1,1.0,1.0,1.0,success
5100091066,1,1,1.0,1.0,1.0,success
5100091067,1,1,1.0,1.0,1.0,success
5100091068,1,1,1.0,1.0,1.0,success
5100091069,1,1,1.0,1.0,1.0,success
5100092002,1,1,1.0,1.0,1.0,success
5100092003,1,1,1.0,1.0,1.0,success
5100092005,1,1,1.0,1.0,1.0,success
5100092006,1,1,1.0,1.0,1.0,success
5100092008,1,1,1.0,1.0,1.0,success
5100092010,1,1,1.0,1.0,1.0,success
5100092011,1,1,1.0,1.0,1.0,success
5100092013,1,1,1.0,1.0,1.0,success
5100092017,1,1,1.0,1.0,1.0,success
5100092019,1,1,1.0,1.0,1.0,success
5100092021,1,1,1.0,1.0,1.0,success
5100092022,1,1,1.0,1.0,1.0,success
5100092023,1,1,1.0,1.0,1.0,success
5100092026,1,1,1.0,1.0,1.0,success
5100092027,1,1,0.9946666666666667,0.9866666666666667,1.0,success
5100092032,1,1,1.0,1.0,1.0,success
5100092033,1,1,1.0,1.0,1.0,success
5100092034,1,1,1.0,1.0,1.0,success
5100092035,1,1,1.0,1.0,1.0,success
5100092037,1,1,1.0,1.0,1.0,success
5100092038,1,1,1.0,1.0,1.0,success
5100092039,1,1,1.0,1.0,1.0,success
5100092040,1,1,1.0,1.0,1.0,success
5100092041,1,1,1.0,1.0,1.0,success
5100092042,1,1,1.0,1.0,1.0,success
5100092043,1,1,1.0,1.0,1.0,success
5100092044,1,1,1.0,1.0,1.0,success
5100092045,1,1,1.0,1.0,1.0,success
5100092053,1,1,1.0,1.0,1.0,success
5100092056,1,1,1.0,1.0,1.0,success
5100092057,1,1,1.0,1.0,1.0,success
5100092060,1,1,1.0,1.0,1.0,success
5100092061,1,1,1.0,1.0,1.0,success
5100092062,1,1,1.0,1.0,1.0,success
5100092063,1,1,1.0,1.0,1.0,success
5100092064,1,1,1.0,1.0,1.0,success
5100092065,1,1,1.0,1.0,1.0,success
5100092067,1,1,1.0,1.0,1.0,success
5100092068,1,1,1.0,1.0,1.0,success
5100092069,1,1,1.0,1.0,1.0,success
5100092071,1,1,0.9893333333333334,0.9733333333333334,1.0,success
5100092072,1,1,1.0,1.0,1.0,success
5100341002,1,1,1.0,1.0,1.0,success
5100341003,1,1,1.0,1.0,1.0,success
5100341004,1,1,1.0,1.0,1.0,success
5100341005,1,1,1.0,1.0,1.0,success
5100341006,1,1,1.0,1.0,1.0,success
5100341008,1,1,1.0,1.0,1.0,success
5100341009,1,1,1.0,1.0,1.0,success
5100341010,1,1,1.0,1.0,1.0,success
5100341012,1,1,1.0,1.0,1.0,success
5100341013,1,1,1.0,1.0,1.0,success
5100341014,1,1,1.0,1.0,1.0,success
5100341015,1,1,1.0,1.0,1.0,success
5100341016,1,1,1.0,1.0,1.0,success
5100341017,1,1,1.0,1.0,1.0,success
5100341019,1,1,1.0,1.0,1.0,success
5100341020,1,1,1.0,1.0,1.0,success
5100341021,1,1,1.0,1.0,1.0,success
5100341022,1,1,1.0,1.0,1.0,success
5100341023,1,1,1.0,1.0,1.0,success
5100341024,1,1,1.0,1.0,1.0,success
5100341025,1,1,1.0,1.0,1.0,success
5100341026,1,1,1.0,1.0,1.0,success
5100341027,1,1,1.0,1.0,1.0,success
5100341028,1,1,1.0,1.0,1.0,success
5100341030,1,1,1.0,1.0,1.0,success
5100341031,1,1,1.0,1.0,1.0,success
5100341032,1,1,1.0,1.0,1.0,success
5100341033,1,1,1.0,1.0,1.0,success
5100341034,1,1,1.0,1.0,1.0,success
5100341035,1,1,1.0,1.0,1.0,success
5100341037,1,1,1.0,1.0,1.0,success
5100341038,1,1,1.0,1.0,1.0,success
5100341039,1,1,1.0,1.0,1.0,success
5100341042,1,1,1.0,1.0,1.0,success
5100341043,0,1,1.0,1.0,1.0,success
5100341046,1,1,1.0,1.0,1.0,success
5100341048,1,1,1.0,1.0,1.0,success
5100341050,1,1,1.0,1.0,1.0,success
5100341052,1,1,1.0,1.0,1.0,success
5100341054,1,1,1.0,1.0,1.0,success
5100341055,1,1,1.0,1.0,1.0,success
5100341056,1,1,1.0,1.0,1.0,success
5100341057,1,1,1.0,1.0,1.0,success
5100341058,1,1,1.0,1.0,1.0,success
5100341061,1,1,1.0,1.0,1.0,success
5100341062,1,1,1.0,1.0,1.0,success
5100341065,1,1,1.0,1.0,1.0,success
5100341067,1,1,1.0,1.0,1.0,success
5100341068,1,1,1.0,1.0,1.0,success
5100341070,1,1,1.0,1.0,1.0,success
5100341071,1,1,1.0,1.0,1.0,success
5100341072,1,1,1.0,1.0,1.0,success
5100341074,0,1,1.0,1.0,1.0,success
5100341075,1,1,1.0,1.0,1.0,success
5100341076,1,1,1.0,1.0,1.0,success
5100341077,1,1,1.0,1.0,1.0,success
5100341078,1,1,1.0,1.0,1.0,success
5100341079,1,1,1.0,1.0,1.0,success
5100342002,1,1,1.0,1.0,1.0,success
5100342003,1,1,1.0,1.0,1.0,success
5100342007,1,1,1.0,1.0,1.0,success
5100342008,1,1,1.0,1.0,1.0,success
5100342009,1,1,1.0,1.0,1.0,success
5100342012,1,1,1.0,1.0,1.0,success
5100342016,1,1,1.0,1.0,1.0,success
5100342017,1,1,1.0,1.0,1.0,success
5100342018,1,1,1.0,1.0,1.0,success
5100342020,1,1,1.0,1.0,1.0,success
5100342022,0,1,0.6,0.0,1.0,success
5100342023,0,1,0.6,0.0,1.0,success
5100342024,0,1,0.6,0.0,1.0,success
5100342025,1,1,0.6,0.0,1.0,success
5100342028,0,1,1.0,1.0,1.0,success
5100342030,1,1,1.0,1.0,1.0,success
5100342031,1,1,1.0,1.0,1.0,success
5100342034,1,1,0.9946666666666667,0.9866666666666667,1.0,success
5100342036,0,1,1.0,1.0,1.0,success
5100342042,1,1,1.0,1.0,1.0,success
5100342043,1,1,0.9946666666666667,0.9866666666666667,1.0,success
5100342045,1,1,1.0,1.0,1.0,success
5100342048,0,1,1.0,1.0,1.0,success
5100351001,0,1,0.84,0.6,1.0,success
5100351002,0,1,0.8933333333333333,0.7333333333333333,1.0,success
5100351004,1,1,1.0,1.0,1.0,success
5100351005,1,1,1.0,1.0,1.0,success
5100351007,1,1,1.0,1.0,1.0,success
5100351009,1,1,0.9893333333333334,0.9733333333333334,1.0,success
5100351010,1,1,0.9573333333333334,0.8933333333333333,1.0,success
5100351012,1,1,0.9733333333333334,0.9333333333333333,1.0,success
5100351013,0,1,1.0,1.0,1.0,success
5100351015,1,1,1.0,1.0,1.0,success
5100351016,1,1,1.0,1.0,1.0,success
5100351019,1,1,1.0,1.0,1.0,success
5100351020,1,1,1.0,1.0,1.0,success
5100351021,1,1,1.0,1.0,1.0,success
5100351022,0,1,0.9893333333333334,0.9733333333333334,1.0,success
5100351023,1,1,1.0,1.0,1.0,success
5100351024,1,1,1.0,1.0,1.0,success
5100351025,1,1,1.0,1.0,1.0,success
5100351026,1,1,1.0,1.0,1.0,success
5100351032,1,1,0.9893333333333334,0.9733333333333334,1.0,success
5100351034,1,1,1.0,1.0,1.0,success
5100351035,1,1,1.0,1.0,1.0,success
5100351036,1,1,1.0,1.0,1.0,success
5100351038,1,1,1.0,1.0,1.0,success
5100351039,1,1,1.0,1.0,1.0,success
5100351040,1,1,1.0,1.0,1.0,success
5100351042,0,1,0.9946666666666667,0.9866666666666667,1.0,success
5100351043,1,1,0.9466666666666667,0.8666666666666667,1.0,success
5100351044,1,1,1.0,1.0,1.0,success
5100351045,1,1,1.0,1.0,1.0,success
5100351046,1,1,1.0,1.0,1.0,success
5100351049,1,1,1.0,1.0,1.0,success
5100351051,1,1,0.9893333333333334,0.9733333333333334,1.0,success
5100351054,1,1,1.0,1.0,1.0,success
5100351058,1,1,1.0,1.0,1.0,success
5100352001,1,1,1.0,1.0,1.0,success
5100352002,1,1,1.0,1.0,1.0,success
5100352003,1,1,0.8826666666666667,0.7066666666666667,1.0,success
5100352004,1,1,1.0,1.0,1.0,success
5100352005,1,1,1.0,1.0,1.0,success
5100352006,1,1,1.0,1.0,1.0,success
5100352007,1,1,1.0,1.0,1.0,success
5100352008,1,1,1.0,1.0,1.0,success
5100352009,1,1,1.0,1.0,1.0,success
5100352011,1,1,0.9466666666666667,0.8666666666666667,1.0,success
5100352012,1,1,0.632,0.08,1.0,success
5100352013,1,1,0.8613333333333333,0.6533333333333333,1.0,success
5100352014,1,1,0.856,0.64,1.0,success
5100352015,1,1,0.6,0.0,1.0,success
5100352016,1,1,0.6053333333333333,0.013333333333333334,1.0,success
5100352017,1,1,0.6639999999999999,0.16,1.0,success
5100352018,1,1,0.6,0.0,1.0,success
5100352020,1,1,0.856,0.64,1.0,success
5100352021,1,1,1.0,1.0,1.0,success
5100352022,0,1,1.0,1.0,1.0,success
5100352026,1,1,0.9946666666666667,0.9866666666666667,1.0,success
5100352027,1,1,1.0,1.0,1.0,success
5100352028,1,1,0.7653333333333333,0.41333333333333333,1.0,success
5100352030,1,1,0.9946666666666667,0.9866666666666667,1.0,success
5100352031,1,1,1.0,1.0,1.0,success
5100352032,1,1,0.8666666666666667,0.6666666666666666,1.0,success
5100352033,1,1,0.8773333333333333,0.6933333333333334,1.0,success
5100352034,1,1,1.0,1.0,1.0,success
5100352035,1,1,1.0,1.0,1.0,success
5100352037,1,1,1.0,1.0,1.0,success
5100352038,1,1,0.9359999999999999,0.84,1.0,success
5100352039,1,1,0.968,0.92,1.0,success
5100352041,1,1,0.9626666666666667,0.9066666666666666,1.0,success
5100352042,1,1,1.0,1.0,1.0,success
5100352043,0,1,0.9733333333333334,0.9333333333333333,1.0,success
5100352044,1,1,0.9786666666666667,0.9466666666666667,1.0,success
5100352045,1,1,0.9946666666666667,0.9866666666666667,1.0,success
5100352046,1,1,0.9466666666666667,0.8666666666666667,1.0,success
5100352049,1,1,1.0,1.0,1.0,success
5100352050,1,1,1.0,1.0,1.0,success
5100352051,1,1,1.0,1.0,1.0,success
5100352052,1,1,0.9946666666666667,0.9866666666666667,1.0,success
5100352054,0,1,0.904,0.76,1.0,success
5100352055,1,1,0.8879999999999999,0.72,1.0,success
5100352056,1,1,0.9253333333333333,0.8133333333333334,1.0,success
5100352057,1,1,0.9626666666666667,0.9066666666666666,1.0,success
5100352060,1,1,1.0,1.0,1.0,success
5100352061,1,1,0.9946666666666667,0.9866666666666667,1.0,success
5100352063,1,1,1.0,1.0,1.0,success
5100361009,1,1,1.0,1.0,1.0,success
5100361056,1,1,0.9946666666666667,0.9866666666666667,1.0,success
5100362028,1,1,0.9946666666666667,0.9866666666666667,1.0,success
5100362029,1,1,1.0,1.0,1.0,success
5100362030,1,1,1.0,1.0,1.0,success
5100362052,1,1,1.0,1.0,1.0,success
5100371022,1,1,1.0,1.0,1.0,success
5100371023,1,1,1.0,1.0,1.0,success
5100371024,1,1,1.0,1.0,1.0,success
5100371026,1,1,1.0,1.0,1.0,success
5100371027,1,1,1.0,1.0,1.0,success
5100371042,1,1,1.0,1.0,1.0,success
5100371055,1,1,1.0,1.0,1.0,success
5100371056,1,1,1.0,1.0,1.0,success
5100371067,1,1,1.0,1.0,1.0,success
5100371079,1,1,1.0,1.0,1.0,success
5100372001,1,1,1.0,1.0,1.0,success
5100372002,1,1,1.0,1.0,1.0,success
5100372003,1,1,1.0,1.0,1.0,success
5100372005,1,1,1.0,1.0,1.0,success
5100372006,1,1,1.0,1.0,1.0,success
5100372007,1,1,1.0,1.0,1.0,success
5100372009,1,1,1.0,1.0,1.0,success
5100372011,1,1,1.0,1.0,1.0,success
5100372015,1,1,1.0,1.0,1.0,success
5100372016,1,1,1.0,1.0,1.0,success
5100372017,1,1,1.0,1.0,1.0,success
5100372018,1,1,1.0,1.0,1.0,success
5100372019,1,1,1.0,1.0,1.0,success
5100372020,1,1,1.0,1.0,1.0,success
5100372021,1,1,1.0,1.0,1.0,success
5100372022,1,1,1.0,1.0,1.0,success
5100372023,1,1,1.0,1.0,1.0,success
5100372026,1,1,1.0,1.0,1.0,success
5100372027,1,1,1.0,1.0,1.0,success
5100372028,1,1,1.0,1.0,1.0,success
5100372069,1,1,1.0,1.0,1.0,success
5100381002,1,1,1.0,1.0,1.0,success
5100381003,1,1,1.0,1.0,1.0,success
5100381004,1,1,1.0,1.0,1.0,success
5100381005,1,1,1.0,1.0,1.0,success
5100381006,1,1,1.0,1.0,1.0,success
5100381007,1,1,1.0,1.0,1.0,success
5100381008,1,1,1.0,1.0,1.0,success
5100381009,1,1,1.0,1.0,1.0,success
5100381010,1,1,1.0,1.0,1.0,success
5100381011,1,1,1.0,1.0,1.0,success
5100381012,1,1,1.0,1.0,1.0,success
5100381015,1,1,1.0,1.0,1.0,success
5100381016,1,1,1.0,1.0,1.0,success
5100381017,1,1,1.0,1.0,1.0,success
5100381018,1,1,1.0,1.0,1.0,success
5100381019,1,1,1.0,1.0,1.0,success
5100381020,1,1,0.9946666666666667,0.9866666666666667,1.0,success
5100381021,1,1,0.9946666666666667,0.9866666666666667,1.0,success
5100381022,1,1,1.0,1.0,1.0,success
5100381023,1,1,0.9893333333333334,0.9733333333333334,1.0,success
5100381024,1,1,0.9626666666666667,0.9066666666666666,1.0,success
5100381026,1,1,0.9946666666666667,0.9866666666666667,1.0,success
5100381027,1,1,0.9946666666666667,0.9866666666666667,1.0,success
5100381028,1,1,1.0,1.0,1.0,success
5100381029,1,1,1.0,1.0,1.0,success
5100381031,1,1,1.0,1.0,1.0,success
5100381032,1,1,1.0,1.0,1.0,success
5100381034,1,1,1.0,1.0,1.0,success
5100381035,1,1,1.0,1.0,1.0,success
5100381037,1,1,1.0,1.0,1.0,success
5100381038,1,1,1.0,1.0,1.0,success
5100381039,1,1,0.9893333333333334,0.9733333333333334,1.0,success
5100381040,1,1,0.776,0.44,1.0,success
5100381041,1,1,0.8933333333333333,0.7333333333333333,1.0,success
5100381042,1,1,0.9093333333333333,0.7733333333333333,1.0,success
5100381043,1,1,0.808,0.52,1.0,success
5100381044,1,1,0.9359999999999999,0.84,1.0,success
5100381045,1,1,0.8933333333333333,0.7333333333333333,1.0,success
5100381046,1,1,0.92,0.8,1.0,success
5100381047,1,1,0.9946666666666667,0.9866666666666667,1.0,success
5100381048,1,1,1.0,1.0,1.0,success
5100381049,1,1,1.0,1.0,1.0,success
5100381050,1,1,1.0,1.0,1.0,success
5100381051,1,1,1.0,1.0,1.0,success
5100381052,1,1,0.8986666666666667,0.7466666666666667,1.0,success
5100381053,1,1,0.872,0.68,1.0,success
5100381054,1,1,0.9253333333333333,0.8133333333333334,1.0,success
5100381055,1,1,0.8133333333333334,0.5333333333333333,1.0,success
5100381056,1,1,0.872,0.68,1.0,success
5100381058,1,1,0.8933333333333333,0.7333333333333333,1.0,success
5100381059,1,1,0.9946666666666667,0.9866666666666667,1.0,success
5100381060,1,1,0.9946666666666667,0.9866666666666667,1.0,success
5100381061,1,1,1.0,1.0,1.0,success
5100381063,1,1,1.0,1.0,1.0,success
5100381065,1,1,1.0,1.0,1.0,success
5100381066,1,1,1.0,1.0,1.0,success
5100381067,1,1,1.0,1.0,1.0,success
5100381069,1,1,1.0,1.0,1.0,success
5100382001,1,1,1.0,1.0,1.0,success
5100382003,1,1,1.0,1.0,1.0,success
5100382007,1,1,1.0,1.0,1.0,success
5100382008,1,1,1.0,1.0,1.0,success
5100382010,1,1,1.0,1.0,1.0,success
5100382011,1,1,1.0,1.0,1.0,success
5100382012,1,1,1.0,1.0,1.0,success
5100382013,1,1,1.0,1.0,1.0,success
5100382014,1,1,1.0,1.0,1.0,success
5100382015,1,1,1.0,1.0,1.0,success
5100382016,1,1,1.0,1.0,1.0,success
5100382018,1,1,1.0,1.0,1.0,success
5100382019,1,1,0.9946666666666667,0.9866666666666667,1.0,success
5100382020,1,1,0.9946666666666667,0.9866666666666667,1.0,success
5100382021,1,1,0.9946666666666667,0.9866666666666667,1.0,success
5100382022,1,1,1.0,1.0,1.0,success
5100382023,1,1,1.0,1.0,1.0,success
5100382025,1,1,1.0,1.0,1.0,success
5100382026,1,1,1.0,1.0,1.0,success
5100382027,1,1,0.9733333333333334,0.9333333333333333,1.0,success
5100382028,1,1,0.8613333333333333,0.6533333333333333,1.0,success
5100382029,1,1,0.9733333333333334,0.9333333333333333,1.0,success
5100382030,1,1,0.9093333333333333,0.7733333333333333,1.0,success
5100382031,1,1,0.6266666666666666,0.06666666666666667,1.0,success
5100382032,1,1,0.6639999999999999,0.16,1.0,success
5100382033,1,1,0.9306666666666666,0.8266666666666667,1.0,success
5100382034,1,1,0.8506666666666667,0.6266666666666667,1.0,success
5100382035,1,1,0.9786666666666667,0.9466666666666667,1.0,success
5100382036,1,1,0.984,0.96,1.0,success
5100382037,1,1,0.9946666666666667,0.9866666666666667,1.0,success
5100382038,1,1,0.984,0.96,1.0,success
5100382039,1,1,1.0,1.0,1.0,success
5100382040,1,1,1.0,1.0,1.0,success
5100382042,1,1,0.9946666666666667,0.9866666666666667,1.0,success
5100382045,1,1,1.0,1.0,1.0,success
5100382046,1,1,0.952,0.88,1.0,success
5100382048,1,1,0.9893333333333334,0.9733333333333334,1.0,success
5100382050,1,1,0.8986666666666667,0.7466666666666667,1.0,success
5100382051,1,1,0.9146666666666666,0.7866666666666666,1.0,success
5100382052,1,1,0.9359999999999999,0.84,1.0,success
5100382053,1,1,0.9626666666666667,0.9066666666666666,1.0,success
5100382054,1,1,0.9786666666666667,0.9466666666666667,1.0,success
5100382055,1,1,0.9626666666666667,0.9066666666666666,1.0,success
5100382056,1,1,0.92,0.8,1.0,success
5100382057,1,1,0.9093333333333333,0.7733333333333333,1.0,success
5100382058,1,1,0.9946666666666667,0.9866666666666667,1.0,success
5100382059,1,1,0.984,0.96,1.0,success
5100382060,1,1,0.9573333333333334,0.8933333333333333,1.0,success
5100382061,1,1,1.0,1.0,1.0,success
5100382062,1,1,0.9466666666666667,0.8666666666666667,1.0,success
5100382063,1,1,0.968,0.92,1.0,success
5100382064,1,1,0.9946666666666667,0.9866666666666667,1.0,success
5100382065,1,1,1.0,1.0,1.0,success
5100382066,1,1,1.0,1.0,1.0,success
5100382067,1,1,1.0,1.0,1.0,success
5100382068,1,1,1.0,1.0,1.0,success
5100382069,1,1,0.9946666666666667,0.9866666666666667,1.0,success
5100382070,1,1,1.0,1.0,1.0,success
5100382071,1,1,0.9573333333333334,0.8933333333333333,1.0,success
5100382072,1,1,0.9893333333333334,0.9733333333333334,1.0,success
5100382073,1,1,0.952,0.88,1.0,success
5100382075,1,1,1.0,1.0,1.0,success
5100382076,1,1,0.8879999999999999,0.72,1.0,success
5100382077,1,1,0.6586666666666666,0.14666666666666667,1.0,success
5100382078,1,1,1.0,1.0,1.0,success
5100382079,1,1,0.9893333333333334,0.9733333333333334,1.0,success
5100401001,1,1,1.0,1.0,1.0,success
5100401003,1,1,1.0,1.0,1.0,success
5100401005,1,1,0.8879999999999999,0.72,1.0,success
5100401006,1,1,0.9413333333333334,0.8533333333333334,1.0,success
5100401007,1,1,0.9733333333333334,0.9333333333333333,1.0,success
5100401008,1,1,0.9733333333333334,0.9333333333333333,1.0,success
5100401010,1,1,0.9786666666666667,0.9466666666666667,1.0,success
5100401011,1,1,0.9946666666666667,0.9866666666666667,1.0,success
5100401012,1,1,1.0,1.0,1.0,success
5100401014,1,1,1.0,1.0,1.0,success
5100401015,1,1,1.0,1.0,1.0,success
5100401016,1,1,1.0,1.0,1.0,success
5100401018,1,1,0.9946666666666667,0.9866666666666667,1.0,success
5100401021,1,1,1.0,1.0,1.0,success
5100401022,1,1,1.0,1.0,1.0,success
5100401023,0,1,1.0,1.0,1.0,success
5100401025,1,1,0.984,0.96,1.0,success
5100401026,1,1,1.0,1.0,1.0,success
5100401028,1,1,0.9413333333333334,0.8533333333333334,1.0,success
5100401029,1,1,1.0,1.0,1.0,success
5100401030,1,1,0.9893333333333334,0.9733333333333334,1.0,success
5100401031,1,1,1.0,1.0,1.0,success
5100401032,1,1,1.0,1.0,1.0,success
5100401033,1,1,1.0,1.0,1.0,success
5100401034,0,1,0.792,0.48,1.0,success
5100401035,1,1,0.9946666666666667,0.9866666666666667,1.0,success
5100401036,1,1,1.0,1.0,1.0,success
5100401038,1,1,1.0,1.0,1.0,success
5100401039,1,1,1.0,1.0,1.0,success
5100401040,1,1,0.9893333333333334,0.9733333333333334,1.0,success
5100401042,1,1,1.0,1.0,1.0,success
5100401043,0,1,1.0,1.0,1.0,success
5100401044,1,1,1.0,1.0,1.0,success
5100401045,1,1,1.0,1.0,1.0,success
5100401046,1,1,1.0,1.0,1.0,success
5100401047,1,1,1.0,1.0,1.0,success
5100401048,1,1,1.0,1.0,1.0,success
5100401049,1,1,1.0,1.0,1.0,success
5100401050,1,1,1.0,1.0,1.0,success
5100401051,1,1,1.0,1.0,1.0,success
5100401053,1,1,0.9946666666666667,0.9866666666666667,1.0,success
5100401054,1,1,1.0,1.0,1.0,success
5100401055,1,1,0.9946666666666667,0.9866666666666667,1.0,success
5100401056,1,1,1.0,1.0,1.0,success
5100401057,1,1,1.0,1.0,1.0,success
5100401059,1,1,1.0,1.0,1.0,success
5100401060,1,1,1.0,1.0,1.0,success
5100401061,1,1,1.0,1.0,1.0,success
5100401062,1,1,1.0,1.0,1.0,success
5100401063,1,1,1.0,1.0,1.0,success
5100401064,1,1,1.0,1.0,1.0,success
5100401065,0,1,1.0,1.0,1.0,success
5100401066,1,1,1.0,1.0,1.0,success
5100401067,1,1,1.0,1.0,1.0,success
5100401069,1,1,1.0,1.0,1.0,success
5100401070,1,1,1.0,1.0,1.0,success
5100401071,1,1,1.0,1.0,1.0,success
5100401072,1,1,1.0,1.0,1.0,success
5100401073,1,1,1.0,1.0,1.0,success
5100401074,1,1,1.0,1.0,1.0,success
5100401075,1,1,1.0,1.0,1.0,success
5100401076,1,1,1.0,1.0,1.0,success
5100401077,1,1,1.0,1.0,1.0,success
5100401078,1,1,1.0,1.0,1.0,success
5100402001,0,1,1.0,1.0,1.0,success
5100402002,1,1,1.0,1.0,1.0,success
5100402004,1,1,1.0,1.0,1.0,success
5100402005,1,1,1.0,1.0,1.0,success
5100402007,1,1,1.0,1.0,1.0,success
5100402008,1,1,1.0,1.0,1.0,success
5100402009,1,1,1.0,1.0,1.0,success
5100402011,1,1,1.0,1.0,1.0,success
5100402012,1,1,1.0,1.0,1.0,success
5100402015,1,1,1.0,1.0,1.0,success
5100402016,1,1,1.0,1.0,1.0,success
5100402017,1,1,1.0,1.0,1.0,success
5100402019,1,1,1.0,1.0,1.0,success
5100402020,1,1,1.0,1.0,1.0,success
5100402023,1,1,1.0,1.0,1.0,success
5100402024,1,1,1.0,1.0,1.0,success
5100402028,1,1,1.0,1.0,1.0,success
5100402029,1,1,1.0,1.0,1.0,success
5100402031,1,1,1.0,1.0,1.0,success
5100402032,1,1,1.0,1.0,1.0,success
5100402033,1,1,1.0,1.0,1.0,success
5100402034,1,1,0.9946666666666667,0.9866666666666667,1.0,success
5100402035,1,1,0.9946666666666667,0.9866666666666667,1.0,success
5100402036,1,1,0.9893333333333334,0.9733333333333334,1.0,success
5100402037,1,1,0.9786666666666667,0.9466666666666667,1.0,success
5100402038,1,1,0.9893333333333334,0.9733333333333334,1.0,success
5100402039,1,1,0.9893333333333334,0.9733333333333334,1.0,success
5100402040,1,1,0.9306666666666666,0.8266666666666667,1.0,success
5100402046,1,1,0.8986666666666667,0.7466666666666667,1.0,success
5100402047,1,1,0.9786666666666667,0.9466666666666667,1.0,success
5100402048,1,1,0.9946666666666667,0.9866666666666667,1.0,success
5100402049,1,1,0.968,0.92,1.0,success
5100402050,1,1,1.0,1.0,1.0,success
5100402051,1,1,1.0,1.0,1.0,success
5100402052,1,1,1.0,1.0,1.0,success
5100402053,1,1,1.0,1.0,1.0,success
5100402054,1,1,1.0,1.0,1.0,success
5100402055,1,1,1.0,1.0,1.0,success
5100402057,1,1,0.7973333333333333,0.49333333333333335,1.0,success
5100402058,1,1,0.8986666666666667,0.7466666666666667,1.0,success
5100402059,1,1,0.8186666666666667,0.5466666666666666,1.0,success
5100402062,0,1,0.984,0.96,1.0,success
5100402063,0,1,0.8933333333333333,0.7333333333333333,1.0,success
5100402065,1,1,1.0,1.0,1.0,success
5100402066,1,1,1.0,1.0,1.0,success
5100402067,1,1,1.0,1.0,1.0,success
5100402068,1,1,1.0,1.0,1.0,success
5100402069,1,1,1.0,1.0,1.0,success
5100421001,1,1,1.0,1.0,1.0,success
5100421002,1,1,1.0,1.0,1.0,success
5100421003,1,1,1.0,1.0,1.0,success
5100421005,1,1,1.0,1.0,1.0,success
5100421007,1,1,1.0,1.0,1.0,success
5100421009,1,1,1.0,1.0,1.0,success
5100421011,1,1,1.0,1.0,1.0,success
5100421012,1,1,1.0,1.0,1.0,success
5100421013,1,1,1.0,1.0,1.0,success
5100421015,1,1,1.0,1.0,1.0,success
5100421016,1,1,1.0,1.0,1.0,success
5100421017,1,1,1.0,1.0,1.0,success
5100421018,1,1,1.0,1.0,1.0,success
5100421019,1,1,1.0,1.0,1.0,success
5100421020,1,1,1.0,1.0,1.0,success
5100421021,1,1,1.0,1.0,1.0,success
5100421024,1,1,1.0,1.0,1.0,success
5100421025,1,1,1.0,1.0,1.0,success
5100421026,1,1,1.0,1.0,1.0,success
5100421027,1,1,1.0,1.0,1.0,success
5100421029,1,1,1.0,1.0,1.0,success
5100421032,1,1,1.0,1.0,1.0,success
5100421033,1,1,1.0,1.0,1.0,success
5100421034,1,1,1.0,1.0,1.0,success
5100421038,1,1,1.0,1.0,1.0,success
5100421039,1,1,1.0,1.0,1.0,success
5100421040,1,1,1.0,1.0,1.0,success
5100421041,1,1,1.0,1.0,1.0,success
5100421043,1,1,1.0,1.0,1.0,success
5100421045,1,1,1.0,1.0,1.0,success
5100421047,1,1,1.0,1.0,1.0,success
5100421048,1,1,1.0,1.0,1.0,success
5100421049,1,1,1.0,1.0,1.0,success
5100421050,1,1,1.0,1.0,1.0,success
5100421051,1,1,1.0,1.0,1.0,success
5100421052,1,1,1.0,1.0,1.0,success
5100421053,1,1,1.0,1.0,1.0,success
5100421054,1,1,1.0,1.0,1.0,success
5100421056,1,1,1.0,1.0,1.0,success
5100421057,1,1,1.0,1.0,1.0,success
5100421058,1,1,1.0,1.0,1.0,success
5100421059,1,1,1.0,1.0,1.0,success
5100421060,1,1,1.0,1.0,1.0,success
5100421061,1,1,1.0,1.0,1.0,success
5100421062,1,1,1.0,1.0,1.0,success
5100421063,1,1,1.0,1.0,1.0,success
5100421064,1,1,1.0,1.0,1.0,success
5100421065,1,1,1.0,1.0,1.0,success
5100421067,1,1,1.0,1.0,1.0,success
5100421068,1,1,1.0,1.0,1.0,success
5100421069,1,1,1.0,1.0,1.0,success
5100421070,1,1,1.0,1.0,1.0,success
5100421071,1,1,1.0,1.0,1.0,success
5100421072,1,1,1.0,1.0,1.0,success
5100421073,1,1,1.0,1.0,1.0,success
5100421074,1,1,1.0,1.0,1.0,success
5100421076,1,1,1.0,1.0,1.0,success
5100421078,1,1,1.0,1.0,1.0,success
5100421079,1,1,1.0,1.0,1.0,success
5100421080,1,1,1.0,1.0,1.0,success
5100421081,1,1,1.0,1.0,1.0,success
5100422002,1,1,1.0,1.0,1.0,success
5100422003,1,1,1.0,1.0,1.0,success
5100422004,1,1,1.0,1.0,1.0,success
5100422005,1,1,1.0,1.0,1.0,success
5100422006,1,1,1.0,1.0,1.0,success
5100422007,1,1,1.0,1.0,1.0,success
5100422008,1,1,1.0,1.0,1.0,success
5100422009,1,1,1.0,1.0,1.0,success
5100422011,1,1,1.0,1.0,1.0,success
5100422012,1,1,1.0,1.0,1.0,success
5100422013,1,1,1.0,1.0,1.0,success
5100422014,1,1,1.0,1.0,1.0,success
5100422016,1,1,1.0,1.0,1.0,success
5100422017,1,1,1.0,1.0,1.0,success
5100422018,1,1,1.0,1.0,1.0,success
5100422019,1,1,1.0,1.0,1.0,success
5100422022,1,1,1.0,1.0,1.0,success
5100422023,1,1,1.0,1.0,1.0,success
5100422024,1,1,1.0,1.0,1.0,success
5100422025,1,1,1.0,1.0,1.0,success
5100422026,1,1,1.0,1.0,1.0,success
5100422027,1,1,1.0,1.0,1.0,success
5100422028,1,1,1.0,1.0,1.0,success
5100422029,1,1,1.0,1.0,1.0,success
5100422030,1,1,1.0,1.0,1.0,success
5100422033,1,1,1.0,1.0,1.0,success
5100422034,1,1,1.0,1.0,1.0,success
5100422035,1,1,1.0,1.0,1.0,success
5100422036,1,1,1.0,1.0,1.0,success
5100422037,1,1,1.0,1.0,1.0,success
5100422038,1,1,1.0,1.0,1.0,success
5100422039,1,1,1.0,1.0,1.0,success
5100422041,1,1,1.0,1.0,1.0,success
5100422042,1,1,1.0,1.0,1.0,success
5100422044,1,1,1.0,1.0,1.0,success
5100422045,1,1,1.0,1.0,1.0,success
5100422046,1,1,1.0,1.0,1.0,success
5100422047,1,1,1.0,1.0,1.0,success
5100422049,1,1,1.0,1.0,1.0,success
5100422050,1,1,1.0,1.0,1.0,success
5100422051,1,1,1.0,1.0,1.0,success
5100422052,1,1,1.0,1.0,1.0,success
5100422055,1,1,1.0,1.0,1.0,success
5100422056,1,1,1.0,1.0,1.0,success
5100422057,1,1,1.0,1.0,1.0,success
5100422058,1,1,1.0,1.0,1.0,success
5100422059,1,1,1.0,1.0,1.0,success
5100422060,1,1,1.0,1.0,1.0,success
5100422061,1,1,1.0,1.0,1.0,success
5100422062,1,1,1.0,1.0,1.0,success
5100422063,1,1,1.0,1.0,1.0,success
5100422065,1,1,1.0,1.0,1.0,success
5100422066,1,1,1.0,1.0,1.0,success
5100422067,1,1,1.0,1.0,1.0,success
5100422068,1,1,1.0,1.0,1.0,success
5100422069,1,1,1.0,1.0,1.0,success
5100422071,1,1,1.0,1.0,1.0,success
5100422072,1,1,1.0,1.0,1.0,success
5100422073,1,1,1.0,1.0,1.0,success
5100422074,1,1,1.0,1.0,1.0,success
5100422075,1,1,1.0,1.0,1.0,success
5100422077,1,1,0.9946666666666667,0.9866666666666667,1.0,success
5100422078,1,1,1.0,1.0,1.0,success
5100422079,1,1,1.0,1.0,1.0,success
5100422080,1,1,1.0,1.0,1.0,success
5100422081,1,1,1.0,1.0,1.0,success
5100422084,1,1,1.0,1.0,1.0,success
5100422085,1,1,1.0,1.0,1.0,success
5100451001,1,1,1.0,1.0,1.0,success
5100451003,1,1,1.0,1.0,1.0,success
5100451004,1,1,1.0,1.0,1.0,success
5100451006,1,1,1.0,1.0,1.0,success
5100451007,1,1,1.0,1.0,1.0,success
5100451012,1,1,1.0,1.0,1.0,success
5100451013,1,1,1.0,1.0,1.0,success
5100451015,1,1,1.0,1.0,1.0,success
5100451016,1,1,1.0,1.0,1.0,success
5100451017,1,1,1.0,1.0,1.0,success
5100451018,1,1,1.0,1.0,1.0,success
5100451019,1,1,1.0,1.0,1.0,success
5100451020,1,1,1.0,1.0,1.0,success
5100451024,1,1,1.0,1.0,1.0,success
5100451026,1,1,1.0,1.0,1.0,success
5100451027,1,1,1.0,1.0,1.0,success
5100451033,1,1,1.0,1.0,1.0,success
5100451034,1,1,1.0,1.0,1.0,success
5100451035,1,1,1.0,1.0,1.0,success
5100451036,1,1,1.0,1.0,1.0,success
5100451038,1,1,1.0,1.0,1.0,success
5100451041,1,1,1.0,1.0,1.0,success
5100451043,1,1,1.0,1.0,1.0,success
5100451044,1,1,1.0,1.0,1.0,success
5100451045,1,1,1.0,1.0,1.0,success
5100451049,1,1,1.0,1.0,1.0,success
5100451050,1,1,1.0,1.0,1.0,success
5100451051,1,1,1.0,1.0,1.0,success
5100451052,1,1,1.0,1.0,1.0,success
5100451055,1,1,1.0,1.0,1.0,success
5100451056,1,1,1.0,1.0,1.0,success
5100451059,1,1,1.0,1.0,1.0,success
5100451060,1,1,1.0,1.0,1.0,success
5100451061,1,1,1.0,1.0,1.0,success
5100451064,1,1,1.0,1.0,1.0,success
5100451065,1,1,1.0,1.0,1.0,success
5100451066,1,1,1.0,1.0,1.0,success
5100451067,1,1,1.0,1.0,1.0,success
5100451070,1,1,1.0,1.0,1.0,success
5100451071,1,1,1.0,1.0,1.0,success
5100452002,1,1,1.0,1.0,1.0,success
5100452004,1,1,1.0,1.0,1.0,success
5100452005,1,1,1.0,1.0,1.0,success
5100452006,1,1,1.0,1.0,1.0,success
5100452007,1,1,1.0,1.0,1.0,success
5100452008,1,1,1.0,1.0,1.0,success
5100452009,1,1,1.0,1.0,1.0,success
5100452010,1,1,1.0,1.0,1.0,success
5100452011,1,1,1.0,1.0,1.0,success
5100452012,1,1,1.0,1.0,1.0,success
5100452013,1,1,1.0,1.0,1.0,success
5100452014,1,1,1.0,1.0,1.0,success
5100452016,0,1,1.0,1.0,1.0,success
5100452017,1,1,1.0,1.0,1.0,success
5100452018,1,1,1.0,1.0,1.0,success
5100452021,1,1,1.0,1.0,1.0,success
5100452023,1,1,1.0,1.0,1.0,success
5100452025,1,1,1.0,1.0,1.0,success
5100452027,1,1,1.0,1.0,1.0,success
5100452028,1,1,1.0,1.0,1.0,success
5100452030,1,1,1.0,1.0,1.0,success
5100452031,1,1,1.0,1.0,1.0,success
5100452032,1,1,1.0,1.0,1.0,success
5100452033,1,1,1.0,1.0,1.0,success
5100452034,1,1,1.0,1.0,1.0,success
5100452035,1,1,1.0,1.0,1.0,success
5100452036,1,1,1.0,1.0,1.0,success
5100452037,1,1,1.0,1.0,1.0,success
5100452038,1,1,1.0,1.0,1.0,success
5100452039,1,1,1.0,1.0,1.0,success
5100452040,1,1,1.0,1.0,1.0,success
5100452047,1,1,1.0,1.0,1.0,success
5100452049,1,1,1.0,1.0,1.0,success
5100452050,1,1,1.0,1.0,1.0,success
5100452053,1,1,1.0,1.0,1.0,success
5100452054,1,1,1.0,1.0,1.0,success
5100452055,1,1,1.0,1.0,1.0,success
5100452059,1,1,1.0,1.0,1.0,success
5100452060,1,1,1.0,1.0,1.0,success
5100452061,1,1,1.0,1.0,1.0,success
5100452065,1,1,1.0,1.0,1.0,success
5100452066,1,1,1.0,1.0,1.0,success
5100452067,1,1,1.0,1.0,1.0,success
5100452076,1,1,1.0,1.0,1.0,success
5100452078,1,1,1.0,1.0,1.0,success
5100452079,1,1,1.0,1.0,1.0,success
5100452080,1,1,1.0,1.0,1.0,success
5100452081,1,1,1.0,1.0,1.0,success
5100461004,1,1,1.0,1.0,1.0,success
5100461005,1,1,1.0,1.0,1.0,success
5100461006,1,1,1.0,1.0,1.0,success
5100461007,0,1,1.0,1.0,1.0,success
5100461008,1,1,1.0,1.0,1.0,success
5100461009,1,1,1.0,1.0,1.0,success
5100461010,1,1,1.0,1.0,1.0,success
5100461011,1,1,1.0,1.0,1.0,success
5100461014,1,1,1.0,1.0,1.0,success
5100461015,1,1,1.0,1.0,1.0,success
5100461016,1,1,1.0,1.0,1.0,success
5100461017,1,1,1.0,1.0,1.0,success
5100461018,1,1,1.0,1.0,1.0,success
5100461020,1,1,1.0,1.0,1.0,success
5100461021,1,1,1.0,1.0,1.0,success
5100461022,1,1,1.0,1.0,1.0,success
5100461023,1,1,1.0,1.0,1.0,success
5100461025,1,1,1.0,1.0,1.0,success
5100461029,1,1,1.0,1.0,1.0,success
5100461030,1,1,1.0,1.0,1.0,success
5100461031,1,1,1.0,1.0,1.0,success
5100461032,1,1,1.0,1.0,1.0,success
5100461033,1,1,1.0,1.0,1.0,success
5100461034,1,1,1.0,1.0,1.0,success
5100461035,1,1,1.0,1.0,1.0,success
5100461036,1,1,1.0,1.0,1.0,success
5100461037,1,1,1.0,1.0,1.0,success
5100461038,1,1,1.0,1.0,1.0,success
5100461039,1,1,1.0,1.0,1.0,success
5100461040,1,1,1.0,1.0,1.0,success
5100461042,1,1,1.0,1.0,1.0,success
5100461043,1,1,1.0,1.0,1.0,success
5100461044,1,1,1.0,1.0,1.0,success
5100461046,1,1,1.0,1.0,1.0,success
5100461047,1,1,1.0,1.0,1.0,success
5100461048,1,1,1.0,1.0,1.0,success
5100461049,1,1,0.968,0.92,1.0,success
5100461050,1,1,1.0,1.0,1.0,success
5100461051,1,1,1.0,1.0,1.0,success
5100461052,1,1,1.0,1.0,1.0,success
5100461053,1,1,1.0,1.0,1.0,success
5100461054,1,1,1.0,1.0,1.0,success
5100461055,1,1,1.0,1.0,1.0,success
5100461056,1,1,1.0,1.0,1.0,success
5100461057,1,1,1.0,1.0,1.0,success
5100461058,1,1,1.0,1.0,1.0,success
5100461061,1,1,1.0,1.0,1.0,success
5100461062,1,1,1.0,1.0,1.0,success
5100461063,1,1,1.0,1.0,1.0,success
5100461064,1,1,1.0,1.0,1.0,success
5100461065,1,1,1.0,1.0,1.0,success
5100461066,1,1,0.984,0.96,1.0,success
5100461067,1,1,0.9253333333333333,0.8133333333333334,1.0,success
5100461068,1,1,0.9786666666666667,0.9466666666666667,1.0,success
5100461069,1,1,1.0,1.0,1.0,success
5100462001,1,1,0.6906666666666667,0.22666666666666666,1.0,success
5100462002,1,1,0.9306666666666666,0.8266666666666667,1.0,success
5100462003,0,1,0.9413333333333334,0.8533333333333334,1.0,success
5100462005,1,1,0.9733333333333334,0.9333333333333333,1.0,success
5100462009,1,1,0.9466666666666667,0.8666666666666667,1.0,success
5100462010,1,1,1.0,1.0,1.0,success
5100462011,1,1,0.9946666666666667,0.9866666666666667,1.0,success
5100462012,1,1,1.0,1.0,1.0,success
5100462014,1,1,1.0,1.0,1.0,success
5100462015,1,1,1.0,1.0,1.0,success
5100462016,1,1,1.0,1.0,1.0,success
5100462017,1,1,1.0,1.0,1.0,success
5100462018,1,1,1.0,1.0,1.0,success
5100462019,1,1,1.0,1.0,1.0,success
5100462021,1,1,1.0,1.0,1.0,success
5100462022,1,1,1.0,1.0,1.0,success
5100462023,1,1,1.0,1.0,1.0,success
5100462024,1,1,1.0,1.0,1.0,success
5100462025,1,1,1.0,1.0,1.0,success
5100462026,1,1,1.0,1.0,1.0,success
5100462027,1,1,0.9946666666666667,0.9866666666666667,1.0,success
5100462028,1,1,1.0,1.0,1.0,success
5100462029,1,1,1.0,1.0,1.0,success
5100462031,1,1,1.0,1.0,1.0,success
5100462032,1,1,1.0,1.0,1.0,success
5100462033,1,1,1.0,1.0,1.0,success
5100462035,1,1,1.0,1.0,1.0,success
5100462037,1,1,1.0,1.0,1.0,success
5100462038,1,1,1.0,1.0,1.0,success
5100462039,1,1,1.0,1.0,1.0,success
5100462040,1,1,1.0,1.0,1.0,success
5100462041,1,1,1.0,1.0,1.0,success
5100462042,1,1,1.0,1.0,1.0,success
5100462043,1,1,1.0,1.0,1.0,success
5100462044,1,1,1.0,1.0,1.0,success
5100462045,1,1,1.0,1.0,1.0,success
5100462046,1,1,0.9893333333333334,0.9733333333333334,1.0,success
5100462047,1,1,1.0,1.0,1.0,success
5100462048,1,1,1.0,1.0,1.0,success
5100462050,1,1,1.0,1.0,1.0,success
5100462051,1,1,1.0,1.0,1.0,success
5100462052,1,1,1.0,1.0,1.0,success
5100462053,1,1,0.9893333333333334,0.9733333333333334,1.0,success
5100462054,1,1,1.0,1.0,1.0,success
5100462055,1,1,1.0,1.0,1.0,success
5100462057,1,1,1.0,1.0,1.0,success
5100462058,1,1,1.0,1.0,1.0,success
5100462059,1,1,1.0,1.0,1.0,success
5100462061,1,1,0.9306666666666666,0.8266666666666667,1.0,success
5100462062,1,1,1.0,1.0,1.0,success
5100462063,1,1,1.0,1.0,1.0,success
5100462064,1,1,1.0,1.0,1.0,success
5100462066,1,1,1.0,1.0,1.0,success
5100462067,1,1,1.0,1.0,1.0,success
5100462068,1,1,1.0,1.0,1.0,success
5100462069,1,1,1.0,1.0,1.0,success
5100462070,1,1,0.9893333333333334,0.9733333333333334,1.0,success
5100462071,1,1,1.0,1.0,1.0,success
5100462072,1,1,1.0,1.0,1.0,success
5100462074,1,1,1.0,1.0,1.0,success
5100462075,1,1,0.9946666666666667,0.9866666666666667,1.0,success
5100462077,1,1,1.0,1.0,1.0,success
5100462078,1,1,1.0,1.0,1.0,success
5100462079,1,1,1.0,1.0,1.0,success
5100462080,1,1,1.0,1.0,1.0,success
5100462081,1,1,1.0,1.0,1.0,success
5100462082,1,1,0.9253333333333333,0.8133333333333334,1.0,success
5100471001,1,1,1.0,1.0,1.0,success
5100471002,1,1,1.0,1.0,1.0,success
5100471003,1,1,1.0,1.0,1.0,success
5100471011,1,1,1.0,1.0,1.0,success
5100471012,1,1,1.0,1.0,1.0,success
5100471013,1,1,1.0,1.0,1.0,success
5100471015,1,1,1.0,1.0,1.0,success
5100471016,1,1,1.0,1.0,1.0,success
5100471018,1,1,1.0,1.0,1.0,success
5100471019,1,1,1.0,1.0,1.0,success
5100471020,1,1,1.0,1.0,1.0,success
5100471021,1,1,1.0,1.0,1.0,success
5100471023,1,1,1.0,1.0,1.0,success
5100471026,1,1,1.0,1.0,1.0,success
5100471027,1,1,1.0,1.0,1.0,success
5100471028,1,1,1.0,1.0,1.0,success
5100471029,1,1,1.0,1.0,1.0,success
5100471030,1,1,1.0,1.0,1.0,success
5100471031,1,1,1.0,1.0,1.0,success
5100471034,1,1,1.0,1.0,1.0,success
5100471037,1,1,1.0,1.0,1.0,success
5100471038,1,1,1.0,1.0,1.0,success
5100471039,1,1,1.0,1.0,1.0,success
5100471041,1,1,1.0,1.0,1.0,success
5100471042,1,1,1.0,1.0,1.0,success
5100471044,1,1,1.0,1.0,1.0,success
5100471045,1,1,1.0,1.0,1.0,success
5100471047,1,1,1.0,1.0,1.0,success
5100471049,1,1,1.0,1.0,1.0,success
5100471050,1,1,1.0,1.0,1.0,success
5100471051,1,1,1.0,1.0,1.0,success
5100471052,1,1,1.0,1.0,1.0,success
5100471054,1,1,1.0,1.0,1.0,success
5100471056,1,1,1.0,1.0,1.0,success
5100471057,1,1,1.0,1.0,1.0,success
5100471058,1,1,1.0,1.0,1.0,success
5100471059,1,1,1.0,1.0,1.0,success
5100471060,1,1,1.0,1.0,1.0,success
5100471062,1,1,1.0,1.0,1.0,success
5100471063,1,1,1.0,1.0,1.0,success
5100471065,1,1,1.0,1.0,1.0,success
5100471068,1,1,1.0,1.0,1.0,success
5100471069,1,1,1.0,1.0,1.0,success
5100471070,1,1,1.0,1.0,1.0,success
5100471072,1,1,1.0,1.0,1.0,success
5100471074,1,1,1.0,1.0,1.0,success
5100471075,1,1,1.0,1.0,1.0,success
5100471080,1,1,1.0,1.0,1.0,success
5100471081,1,1,1.0,1.0,1.0,success
5100472001,0,1,1.0,1.0,1.0,success
5100472002,1,1,1.0,1.0,1.0,success
5100472003,1,1,1.0,1.0,1.0,success
5100472004,1,1,1.0,1.0,1.0,success
5100472005,1,1,1.0,1.0,1.0,success
5100472007,1,1,1.0,1.0,1.0,success
5100472009,1,1,1.0,1.0,1.0,success
5100472010,1,1,1.0,1.0,1.0,success
5100472011,1,1,1.0,1.0,1.0,success
5100472012,1,1,1.0,1.0,1.0,success
5100472014,1,1,1.0,1.0,1.0,success
5100472019,1,1,1.0,1.0,1.0,success
5100472020,1,1,1.0,1.0,1.0,success
5100472021,1,1,1.0,1.0,1.0,success
5100472027,1,1,1.0,1.0,1.0,success
5100472030,1,1,1.0,1.0,1.0,success
5100472031,1,1,1.0,1.0,1.0,success
5100472032,1,1,1.0,1.0,1.0,success
5100472035,1,1,1.0,1.0,1.0,success
5100472039,1,1,1.0,1.0,1.0,success
5100472040,1,1,1.0,1.0,1.0,success
5100472041,1,1,1.0,1.0,1.0,success
5100472042,1,1,0.9946666666666667,0.9866666666666667,1.0,success
5100472044,1,1,1.0,1.0,1.0,success
5100472045,1,1,1.0,1.0,1.0,success
5100472047,1,1,0.9946666666666667,0.9866666666666667,1.0,success
5100472050,1,1,1.0,1.0,1.0,success
5100472052,1,1,1.0,1.0,1.0,success
5100472053,1,1,1.0,1.0,1.0,success
5100472054,1,1,1.0,1.0,1.0,success
5100472058,0,1,0.9893333333333334,0.9733333333333334,1.0,success
5100472060,1,1,1.0,1.0,1.0,success
5100472063,1,1,1.0,1.0,1.0,success
5100472064,1,1,1.0,1.0,1.0,success
826412010,1,1,0.9946666666666667,0.9866666666666667,1.0,success
8264120110,1,1,1.0,1.0,1.0,success
8264120111,1,1,0.952,0.88,1.0,success
8264120112,1,1,0.6266666666666666,0.06666666666666667,1.0,success
8264120113,1,1,0.6,0.0,1.0,success
8264120116,0,1,0.76,0.4,1.0,success
8264120117,1,1,0.6639999999999999,0.16,1.0,success
8264120119,1,1,1.0,1.0,1.0,success
8264120120,0,1,0.9868852459016393,0.9672131147540983,1.0,success
8264120121,1,1,0.9253333333333333,0.8133333333333334,1.0,success
8264120122,1,1,0.776,0.44,1.0,success
8264120123,0,1,0.9093333333333333,0.7733333333333333,1.0,success
8264120124,1,1,0.9146666666666666,0.7866666666666666,1.0,success
8264120125,1,1,1.0,1.0,1.0,success
8264120126,1,1,0.7373134328358208,0.34328358208955223,1.0,success
8264120127,0,1,0.726027397260274,0.3150684931506849,1.0,success
826412013,0,1,0.9573333333333334,0.8933333333333333,1.0,success
8264120131,1,1,0.9893333333333334,0.9733333333333334,1.0,success
8264120132,1,1,0.9893333333333334,0.9733333333333334,1.0,success
8264120136,1,1,1.0,1.0,1.0,success
8264120139,1,1,0.9733333333333334,0.9333333333333333,1.0,success
8264120141,1,1,1.0,1.0,1.0,success
8264120144,1,1,0.9413333333333334,0.8533333333333334,1.0,success
8264120145,1,1,0.9146666666666666,0.7866666666666666,1.0,success
8264120146,1,1,0.972972972972973,0.9324324324324325,1.0,success
8264120149,1,1,0.616,0.04,1.0,success
8264120150,0,1,0.6106666666666667,0.02666666666666667,1.0,success
8264120156,0,1,0.7973333333333333,0.49333333333333335,1.0,success
8264120157,1,1,0.9946666666666667,0.9866666666666667,1.0,success
8264120159,1,1,0.9359999999999999,0.84,1.0,success
8264120165,1,1,1.0,1.0,1.0,success
8264120166,1,1,1.0,1.0,1.0,success
8264120169,0,1,0.9466666666666667,0.8666666666666667,1.0,success
826412017,1,1,0.952,0.88,1.0,success
826412018,1,1,1.0,1.0,1.0,success
826412019,1,1,1.0,1.0,1.0,success
8264120210,1,1,1.0,1.0,1.0,success
8264120211,0,1,1.0,1.0,1.0,success
8264120213,1,1,1.0,1.0,1.0,success
8264120215,1,1,1.0,1.0,1.0,success
8264120216,1,1,1.0,1.0,1.0,success
8264120218,1,1,1.0,1.0,1.0,success
8264120219,1,1,0.904,0.76,1.0,success
8264120220,1,1,1.0,1.0,1.0,success
8264120221,1,1,1.0,1.0,1.0,success
8264120223,1,1,1.0,1.0,1.0,success
8264120224,1,1,1.0,1.0,1.0,success
8264120227,1,1,0.9893333333333334,0.9733333333333334,1.0,success
8264120228,1,1,1.0,1.0,1.0,success
8264120229,1,1,1.0,1.0,1.0,success
826412023,1,1,1.0,1.0,1.0,success
8264120231,0,1,1.0,1.0,1.0,success
8264120232,1,1,1.0,1.0,1.0,success
8264120233,1,1,1.0,1.0,1.0,success
8264120234,1,1,1.0,1.0,1.0,success
8264120239,0,1,1.0,1.0,1.0,success
826412024,1,1,1.0,1.0,1.0,success
8264120240,0,1,0.9946666666666667,0.9866666666666667,1.0,success
8264120241,1,1,1.0,1.0,1.0,success
8264120242,1,1,1.0,1.0,1.0,success
8264120243,0,1,0.9780821917808219,0.9452054794520548,1.0,success
8264120245,1,1,0.6,0.0,1.0,success
8264120247,1,1,0.6106666666666667,0.02666666666666667,1.0,success
8264120248,1,1,0.6906666666666667,0.22666666666666666,1.0,success
8264120249,0,1,0.776,0.44,1.0,success
826412025,1,1,0.9626666666666667,0.9066666666666666,1.0,success
8264120254,0,1,1.0,1.0,1.0,success
8264120256,0,1,1.0,1.0,1.0,success
8264120257,1,1,1.0,1.0,1.0,success
8264120258,1,1,1.0,1.0,1.0,success
8264120261,0,1,1.0,1.0,1.0,success
8264120262,0,1,1.0,1.0,1.0,success
8264120263,0,1,1.0,1.0,1.0,success
8264120265,0,1,0.9946666666666667,0.9866666666666667,1.0,success
8264120266,0,1,0.9893333333333334,0.9733333333333334,1.0,success
8264120268,1,1,1.0,1.0,1.0,success
8264120269,0,1,0.8293333333333334,0.5733333333333334,1.0,success
826412027,1,1,1.0,1.0,1.0,success
8264120274,1,1,1.0,1.0,1.0,success
8264120275,1,1,1.0,1.0,1.0,success
8264120279,0,1,1.0,1.0,1.0,success
8264120280,1,1,1.0,1.0,1.0,success
8264120282,0,1,0.984,0.96,1.0,success
8264120284,0,1,0.9893333333333334,0.9733333333333334,1.0,success
88265401100,1,1,1.0,1.0,1.0,success
88265401130,1,1,1.0,1.0,1.0,success
88265401140,1,1,1.0,1.0,1.0,success
88265401150,1,1,1.0,1.0,1.0,success
88265401160,1,1,1.0,1.0,1.0,success
88265401170,1,1,1.0,1.0,1.0,success
88265401190,1,1,1.0,1.0,1.0,success
8826540120,1,1,1.0,1.0,1.0,success
88265401200,1,1,1.0,1.0,1.0,success
88265401240,1,1,1.0,1.0,1.0,success
88265401260,1,1,1.0,1.0,1.0,success
88265401270,1,1,1.0,1.0,1.0,success
88265401280,1,1,1.0,1.0,1.0,success
88265401300,1,1,1.0,1.0,1.0,success
88265401320,1,1,1.0,1.0,1.0,success
88265401350,1,1,1.0,1.0,1.0,success
88265401360,1,1,1.0,1.0,1.0,success
88265401380,1,1,1.0,1.0,1.0,success
88265401390,1,1,1.0,1.0,1.0,success
88265401400,1,1,1.0,1.0,1.0,success
88265401410,1,1,1.0,1.0,1.0,success
88265401420,1,1,1.0,1.0,1.0,success
88265401430,1,1,1.0,1.0,1.0,success
88265401450,1,1,1.0,1.0,1.0,success
88265401470,1,1,1.0,1.0,1.0,success
88265401480,1,1,1.0,1.0,1.0,success
88265401490,1,1,1.0,1.0,1.0,success
8826540150,1,1,1.0,1.0,1.0,success
88265401520,1,1,1.0,1.0,1.0,success
88265401550,1,1,1.0,1.0,1.0,success
88265401630,1,1,1.0,1.0,1.0,success
88265401640,1,1,1.0,1.0,1.0,success
88265401660,1,1,1.0,1.0,1.0,success
88265401690,1,1,1.0,1.0,1.0,success
8826540170,1,1,1.0,1.0,1.0,success
88265401730,1,1,1.0,1.0,1.0,success
88265401740,1,1,1.0,1.0,1.0,success
88265401750,0,1,0.9786666666666667,0.9466666666666667,1.0,success
8826540180,1,1,1.0,1.0,1.0,success
88265402120,1,1,1.0,1.0,1.0,success
88265402150,1,1,1.0,1.0,1.0,success
88265402160,1,1,1.0,1.0,1.0,success
88265402170,1,1,1.0,1.0,1.0,success
88265402180,1,1,1.0,1.0,1.0,success
88265402190,1,1,1.0,1.0,1.0,success
88265402200,1,1,1.0,1.0,1.0,success
88265402230,1,1,1.0,1.0,1.0,success
88265402240,1,1,1.0,1.0,1.0,success
88265402270,1,1,1.0,1.0,1.0,success
8826540230,1,1,1.0,1.0,1.0,success
88265402300,1,1,1.0,1.0,1.0,success
88265402310,1,1,1.0,1.0,1.0,success
88265402320,1,1,1.0,1.0,1.0,success
88265402330,1,1,1.0,1.0,1.0,success
88265402340,1,1,1.0,1.0,1.0,success
88265402350,1,1,1.0,1.0,1.0,success
88265402370,1,1,1.0,1.0,1.0,success
88265402380,1,1,0.9692307692307692,0.9230769230769231,1.0,success
8826540240,1,1,1.0,1.0,1.0,success
88265402400,1,1,1.0,1.0,1.0,success
88265402420,1,1,1.0,1.0,1.0,success
88265402440,1,1,1.0,1.0,1.0,success
88265402450,1,1,1.0,1.0,1.0,success
88265402480,1,1,1.0,1.0,1.0,success
88265402490,1,1,0.984,0.96,1.0,success
88265402500,1,1,1.0,1.0,1.0,success
88265402520,1,1,1.0,1.0,1.0,success
88265402540,1,1,1.0,1.0,1.0,success
88265402570,1,1,1.0,1.0,1.0,success
88265402580,1,1,1.0,1.0,1.0,success
88265402590,1,1,1.0,1.0,1.0,success
8826540260,1,1,1.0,1.0,1.0,success
88265402600,1,1,1.0,1.0,1.0,success
88265402630,1,1,1.0,1.0,1.0,success
88265402660,1,1,1.0,1.0,1.0,success
88265402690,1,1,1.0,1.0,1.0,success
8826540270,1,1,1.0,1.0,1.0,success
88265402700,1,1,1.0,1.0,1.0,success
88265402770,1,1,1.0,1.0,1.0,success
88265402780,1,1,1.0,1.0,1.0,success
88265402790,1,1,1.0,1.0,1.0,success
8826540280,1,1,1.0,1.0,1.0,success
88265402800,1,1,1.0,1.0,1.0,success
88265402810,1,1,1.0,1.0,1.0,success
88265402820,1,1,1.0,1.0,1.0,success
88265402840,1,1,1.0,1.0,1.0,success
88265402850,1,1,1.0,1.0,1.0,success
88265402880,1,1,1.0,1.0,1.0,success
88265402890,1,1,1.0,1.0,1.0,success
8826540290,1,1,1.0,1.0,1.0,success
88265402900,1,1,1.0,1.0,1.0,success
907001100,1,1,1.0,1.0,1.0,success
9070011010,1,1,1.0,1.0,1.0,success
9070011020,1,1,0.9743589743589743,0.9358974358974359,1.0,success
9070011060,1,1,1.0,1.0,1.0,success
9070011090,1,1,0.9893333333333334,0.9733333333333334,1.0,success
907001110,1,1,0.9893333333333334,0.9733333333333334,1.0,success
9070011110,1,1,1.0,1.0,1.0,success
907001120,1,1,1.0,1.0,1.0,success
907001150,1,1,0.9413333333333334,0.8533333333333334,1.0,success
907001160,1,1,1.0,1.0,1.0,success
907001170,1,1,1.0,1.0,1.0,success
907001180,1,1,1.0,1.0,1.0,success
907001210,1,1,1.0,1.0,1.0,success
907001220,1,1,1.0,1.0,1.0,success
907001240,1,1,1.0,1.0,1.0,success
907001270,1,1,1.0,1.0,1.0,success
907001280,1,1,1.0,1.0,1.0,success
907001310,1,1,1.0,1.0,1.0,success
907001340,1,1,1.0,1.0,1.0,success
907001350,1,1,1.0,1.0,1.0,success
907001360,1,1,1.0,1.0,1.0,success
907001370,1,1,1.0,1.0,1.0,success
907001400,1,1,1.0,1.0,1.0,success
907001430,1,1,1.0,1.0,1.0,success
907001450,1,1,1.0,1.0,1.0,success
907001480,0,1,1.0,1.0,1.0,success
907001490,1,1,1.0,1.0,1.0,success
90700150,1,1,1.0,1.0,1.0,success
907001500,1,1,1.0,1.0,1.0,success
907001520,1,1,1.0,1.0,1.0,success
907001550,1,1,1.0,1.0,1.0,success
907001560,1,1,1.0,1.0,1.0,success
907001570,1,1,1.0,1.0,1.0,success
907001580,1,1,0.9692307692307692,0.9230769230769231,1.0,success
90700160,1,1,1.0,1.0,1.0,success
907001600,1,1,1.0,1.0,1.0,success
907001620,1,1,0.9333333333333333,0.8333333333333334,1.0,success
907001650,1,1,0.6,0.0,1.0,success
907001670,1,1,1.0,1.0,1.0,success
907001680,1,1,1.0,1.0,1.0,success
90700170,1,1,1.0,1.0,1.0,success
907001730,1,1,1.0,1.0,1.0,success
907001740,1,1,0.9743589743589743,0.9358974358974359,1.0,success
907001780,1,1,1.0,1.0,1.0,success
907001790,1,1,0.9945205479452055,0.9863013698630136,1.0,success
90700180,1,1,0.9692307692307692,0.9230769230769231,1.0,success
907001820,1,1,1.0,1.0,1.0,success
907001840,1,1,0.7384615384615385,0.34615384615384615,1.0,success
907001850,1,1,0.8453333333333333,0.6133333333333333,1.0,success
907001860,1,1,0.9692307692307692,0.9230769230769231,1.0,success
90700190,1,1,1.0,1.0,1.0,success
907001910,1,1,1.0,1.0,1.0,success
907001940,1,1,1.0,1.0,1.0,success
907001950,0,1,1.0,1.0,1.0,success
907001970,1,1,1.0,1.0,1.0,success
9289010111,1,1,1.0,1.0,1.0,success
9289010112,1,1,1.0,1.0,1.0,success
9289010113,1,1,0.9946666666666667,0.9866666666666667,1.0,success
9289010114,0,1,1.0,1.0,1.0,success
9289010115,1,1,1.0,1.0,1.0,success
9289010117,1,1,1.0,1.0,1.0,success
9289010118,1,1,1.0,1.0,1.0,success
9289010119,1,1,1.0,1.0,1.0,success
9289010120,1,1,1.0,1.0,1.0,success
9289010121,1,1,1.0,1.0,1.0,success
9289010127,1,1,1.0,1.0,1.0,success
928901013,1,1,1.0,1.0,1.0,success
9289010131,1,1,1.0,1.0,1.0,success
9289010132,1,1,1.0,1.0,1.0,success
9289010133,1,1,1.0,1.0,1.0,success
9289010134,1,1,1.0,1.0,1.0,success
9289010138,1,1,1.0,1.0,1.0,success
9289010139,1,1,1.0,1.0,1.0,success
928901014,0,1,1.0,1.0,1.0,success
9289010143,1,1,1.0,1.0,1.0,success
9289010144,1,1,1.0,1.0,1.0,success
9289010145,0,1,1.0,1.0,1.0,success
9289010147,1,1,1.0,1.0,1.0,success
9289010149,1,1,1.0,1.0,1.0,success
9289010150,1,1,1.0,1.0,1.0,success
9289010151,1,1,1.0,1.0,1.0,success
9289010152,0,1,0.9893333333333334,0.9733333333333334,1.0,success
9289010153,1,1,1.0,1.0,1.0,success
9289010154,1,1,1.0,1.0,1.0,success
9289010155,1,1,1.0,1.0,1.0,success
9289010157,1,1,1.0,1.0,1.0,success
9289010158,1,1,1.0,1.0,1.0,success
928901016,1,1,1.0,1.0,1.0,success
9289010160,1,1,1.0,1.0,1.0,success
9289010161,1,1,1.0,1.0,1.0,success
9289010163,1,1,1.0,1.0,1.0,success
9289010166,1,1,0.9946666666666667,0.9866666666666667,1.0,success
9289010167,1,1,1.0,1.0,1.0,success
928901018,1,1,1.0,1.0,1.0,success
9289010210,1,1,1.0,1.0,1.0,success
9289010211,1,1,1.0,1.0,1.0,success
9289010216,1,1,1.0,1.0,1.0,success
9289010221,1,1,1.0,1.0,1.0,success
9289010222,1,1,1.0,1.0,1.0,success
9289010223,1,1,1.0,1.0,1.0,success
9289010227,1,1,1.0,1.0,1.0,success
9289010229,1,1,1.0,1.0,1.0,success
928901023,1,1,1.0,1.0,1.0,success
9289010230,1,1,0.9783783783783784,0.9459459459459459,1.0,success
9289010231,1,1,1.0,1.0,1.0,success
9289010232,1,1,1.0,1.0,1.0,success
9289010233,1,1,1.0,1.0,1.0,success
9289010235,1,1,1.0,1.0,1.0,success
9289010242,1,1,1.0,1.0,1.0,success
9289010243,1,1,1.0,1.0,1.0,success
9289010244,1,1,1.0,1.0,1.0,success
9289010245,1,1,1.0,1.0,1.0,success
9289010248,1,1,1.0,1.0,1.0,success
9289010249,1,1,1.0,1.0,1.0,success
928901025,1,1,1.0,1.0,1.0,success
9289010250,1,1,0.9893333333333334,0.9733333333333334,1.0,success
9289010251,1,1,1.0,1.0,1.0,success
9289010253,1,1,1.0,1.0,1.0,success
9289010254,1,1,1.0,1.0,1.0,success
9289010257,1,1,1.0,1.0,1.0,success
9289010259,1,1,1.0,1.0,1.0,success
928901026,1,1,1.0,1.0,1.0,success
9289010261,1,1,1.0,1.0,1.0,success
9289010262,1,1,1.0,1.0,1.0,success
9289010263,1,1,1.0,1.0,1.0,success
9289010265,1,1,1.0,1.0,1.0,success
9289010266,1,1,1.0,1.0,1.0,success
9289010267,1,1,1.0,1.0,1.0,success
9289010268,1,1,1.0,1.0,1.0,success
9289010269,1,1,1.0,1.0,1.0,success
9289010270,1,1,1.0,1.0,1.0,success
9289010271,1,1,1.0,1.0,1.0,success
9289010273,1,1,1.0,1.0,1.0,success
9289010274,1,1,1.0,1.0,1.0,success
9289010275,1,1,1.0,1.0,1.0,success
9289010276,0,1,1.0,1.0,1.0,success
9289010278,1,1,1.0,1.0,1.0,success
928901028,1,1,1.0,1.0,1.0,success
928901029,1,1,1.0,1.0,1.0,success
940328011,1,1,1.0,1.0,1.0,success
9403280110,1,1,1.0,1.0,1.0,success
9403280112,1,1,1.0,1.0,1.0,success
9403280114,1,1,1.0,1.0,1.0,success
9403280115,1,1,1.0,1.0,1.0,success
9403280116,1,1,1.0,1.0,1.0,success
9403280117,1,1,1.0,1.0,1.0,success
940328012,1,1,1.0,1.0,1.0,success
9403280126,1,1,1.0,1.0,1.0,success
9403280129,1,1,1.0,1.0,1.0,success
9403280132,1,1,1.0,1.0,1.0,success
9403280134,1,1,0.9893333333333334,0.9733333333333334,1.0,success
9403280136,1,1,1.0,1.0,1.0,success
9403280138,1,1,1.0,1.0,1.0,success
940328014,1,1,1.0,1.0,1.0,success
9403280140,1,1,1.0,1.0,1.0,success
9403280143,1,1,1.0,1.0,1.0,success
9403280145,1,1,1.0,1.0,1.0,success
9403280146,1,1,1.0,1.0,1.0,success
9403280147,1,1,1.0,1.0,1.0,success
9403280149,1,1,1.0,1.0,1.0,success
9403280150,1,1,1.0,1.0,1.0,success
9403280151,1,1,1.0,1.0,1.0,success
9403280152,1,1,1.0,1.0,1.0,success
9403280155,1,1,1.0,1.0,1.0,success
9403280156,1,1,1.0,1.0,1.0,success
9403280157,1,1,1.0,1.0,1.0,success
9403280159,1,1,1.0,1.0,1.0,success
940328016,1,1,1.0,1.0,1.0,success
9403280164,1,1,1.0,1.0,1.0,success
9403280165,1,1,1.0,1.0,1.0,success
9403280167,1,1,1.0,1.0,1.0,success
940328017,1,1,1.0,1.0,1.0,success
940328018,1,1,1.0,1.0,1.0,success
9403280212,1,1,1.0,1.0,1.0,success
9403280213,1,1,1.0,1.0,1.0,success
9403280217,1,1,1.0,1.0,1.0,success
9403280218,1,1,1.0,1.0,1.0,success
9403280219,1,1,1.0,1.0,1.0,success
940328022,1,1,0.9786666666666667,0.9466666666666667,1.0,success
9403280227,1,1,1.0,1.0,1.0,success
9403280229,1,1,1.0,1.0,1.0,success
9403280234,1,1,1.0,1.0,1.0,success
9403280235,1,1,0.9946666666666667,0.9866666666666667,1.0,success
9403280236,1,1,0.9893333333333334,0.9733333333333334,1.0,success
9403280238,1,1,1.0,1.0,1.0,success
9403280241,1,1,1.0,1.0,1.0,success
9403280243,1,1,1.0,1.0,1.0,success
9403280245,1,1,1.0,1.0,1.0,success
9403280246,1,1,1.0,1.0,1.0,success
9403280247,1,1,1.0,1.0,1.0,success
9403280249,1,1,1.0,1.0,1.0,success
9403280250,1,1,1.0,1.0,1.0,success
9403280251,1,1,1.0,1.0,1.0,success
9403280254,1,1,1.0,1.0,1.0,success
9403280255,1,1,1.0,1.0,1.0,success
9403280256,1,1,1.0,1.0,1.0,success
9403280259,1,1,1.0,1.0,1.0,success
9403280260,1,1,1.0,1.0,1.0,success
9403280262,1,1,1.0,1.0,1.0,success
9403280265,1,1,1.0,1.0,1.0,success
9403280266,1,1,1.0,1.0,1.0,success
9403280271,0,1,1.0,1.0,1.0,success
9403280272,1,1,1.0,1.0,1.0,success
9403280273,1,1,1.0,1.0,1.0,success
9403280277,1,1,1.0,1.0,1.0,success
9403280279,1,1,1.0,1.0,1.0,success
9877360111,1,1,1.0,1.0,1.0,success
9877360113,1,1,0.9893333333333334,0.9733333333333334,1.0,success
9877360114,1,1,1.0,1.0,1.0,success
9877360115,1,1,0.9306666666666666,0.8266666666666667,1.0,success
9877360116,1,1,1.0,1.0,1.0,success
9877360117,1,1,1.0,1.0,1.0,success
9877360120,0,1,1.0,1.0,1.0,success
9877360121,1,1,1.0,1.0,1.0,success
9877360124,1,1,1.0,1.0,1.0,success
9877360125,1,1,1.0,1.0,1.0,success
9877360126,1,1,1.0,1.0,1.0,success
9877360127,1,1,1.0,1.0,1.0,success
9877360128,1,1,1.0,1.0,1.0,success
9877360130,1,1,1.0,1.0,1.0,success
9877360131,1,1,1.0,1.0,1.0,success
9877360132,1,1,1.0,1.0,1.0,success
9877360133,0,1,1.0,1.0,1.0,success
9877360134,1,1,1.0,1.0,1.0,success
9877360135,1,1,1.0,1.0,1.0,success
9877360138,1,1,1.0,1.0,1.0,success
987736014,1,1,1.0,1.0,1.0,success
9877360140,1,1,1.0,1.0,1.0,success
9877360141,1,1,1.0,1.0,1.0,success
9877360143,1,1,1.0,1.0,1.0,success
9877360147,1,1,1.0,1.0,1.0,success
9877360149,1,1,1.0,1.0,1.0,success
987736015,1,1,0.952,0.88,1.0,success
9877360151,1,1,1.0,1.0,1.0,success
9877360152,1,1,1.0,1.0,1.0,success
9877360154,1,1,1.0,1.0,1.0,success
9877360156,1,1,1.0,1.0,1.0,success
9877360157,0,1,1.0,1.0,1.0,success
9877360158,1,1,1.0,1.0,1.0,success
9877360159,1,1,1.0,1.0,1.0,success
987736016,1,1,1.0,1.0,1.0,success
9877360163,1,1,1.0,1.0,1.0,success
9877360164,1,1,1.0,1.0,1.0,success
9877360165,1,1,1.0,1.0,1.0,success
9877360166,1,1,1.0,1.0,1.0,success
9877360168,1,1,0.9780821917808219,0.9452054794520548,1.0,success
9877360169,0,1,1.0,1.0,1.0,success
987736017,1,1,1.0,1.0,1.0,success
9877360170,1,1,1.0,1.0,1.0,success
9877360172,0,1,0.9891891891891892,0.972972972972973,1.0,success
9877360173,1,1,1.0,1.0,1.0,success
9877360174,1,1,1.0,1.0,1.0,success
9877360175,1,1,1.0,1.0,1.0,success
9877360177,1,1,1.0,1.0,1.0,success
987736018,1,1,1.0,1.0,1.0,success
9877360180,1,1,1.0,1.0,1.0,success
9877360181,1,1,1.0,1.0,1.0,success
9877360182,1,1,1.0,1.0,1.0,success
9877360183,1,1,1.0,1.0,1.0,success
9877360184,1,1,1.0,1.0,1.0,success
9877360185,1,1,1.0,1.0,1.0,success
9877360210,1,1,1.0,1.0,1.0,success
9877360212,1,1,1.0,1.0,1.0,success
9877360213,1,1,1.0,1.0,1.0,success
9877360215,1,1,1.0,1.0,1.0,success
9877360217,1,1,1.0,1.0,1.0,success
987736022,1,1,1.0,1.0,1.0,success
9877360221,1,1,1.0,1.0,1.0,success
9877360223,1,1,1.0,1.0,1.0,success
9877360225,1,1,1.0,1.0,1.0,success
9877360226,1,1,1.0,1.0,1.0,success
9877360227,1,1,1.0,1.0,1.0,success
9877360228,1,1,1.0,1.0,1.0,success
9877360229,1,1,1.0,1.0,1.0,success
9877360231,1,1,1.0,1.0,1.0,success
9877360232,1,1,1.0,1.0,1.0,success
9877360234,1,1,1.0,1.0,1.0,success
9877360238,1,1,1.0,1.0,1.0,success
9877360239,1,1,1.0,1.0,1.0,success
987736024,1,1,1.0,1.0,1.0,success
9877360240,1,1,1.0,1.0,1.0,success
9877360241,1,1,1.0,1.0,1.0,success
9877360242,1,1,1.0,1.0,1.0,success
9877360247,1,1,0.9945205479452055,0.9863013698630136,1.0,success
9877360248,1,1,1.0,1.0,1.0,success
987736025,1,1,1.0,1.0,1.0,success
9877360250,1,1,1.0,1.0,1.0,success
9877360252,1,1,1.0,1.0,1.0,success
9877360253,1,1,1.0,1.0,1.0,success
9877360254,1,1,1.0,1.0,1.0,success
9877360256,0,1,1.0,1.0,1.0,success
9877360258,1,1,1.0,1.0,1.0,success
9877360259,1,1,1.0,1.0,1.0,success
9877360261,1,1,1.0,1.0,1.0,success
9877360262,1,1,1.0,1.0,1.0,success
9877360264,1,1,1.0,1.0,1.0,success
987736027,1,1,1.0,1.0,1.0,success
9877360270,0,1,1.0,1.0,1.0,success
9877360271,1,1,1.0,1.0,1.0,success
9877360273,1,1,1.0,1.0,1.0,success
9877360279,1,1,1.0,1.0,1.0,success
987736028,1,1,1.0,1.0,1.0,success
9877360281,1,1,1.0,1.0,1.0,success
987736029,1,1,1.0,1.0,1.0,success
998826011,1,1,0.9893333333333334,0.9733333333333334,1.0,success
9988260112,1,1,1.0,1.0,1.0,success
9988260115,1,1,1.0,1.0,1.0,success
9988260119,1,1,0.952,0.88,1.0,success
